query,difficulty
A0A009GC83,0.55
A0A011NYS2,0.76
A0A014KW24,0.66
A0A014N001,0.54
A0A015J5C0,0.53
A0A015J7C9,0.48
A0A015JNR0,0.5
A0A015LDC8,0.59
A0A015M8T0,0.61
A0A015U2M2,0.52
A0A015WFX7,0.39
A0A015X922,0.56
A0A015XI32,0.75
A0A016AZA5,0.55
A0A016QSY1,0.68
A0A016UCW6,0.65
A0A016V5L6,0.48
A0A016XEP6,0.51
A0A022KS99,0.63
A0A022W2W4,0.56
A0A023PL01,0.71
A0A023PRM6,0.56
A0A024EH22,0.54
A0A024GWS5,0.76
A0A024H671,0.53
A0A024J5I4,0.54
A0A024KAY7,0.49
A0A024QRX4,0.59
A0A027TT44,0.72
A0A031JCU4,0.51
A0A031JXV8,0.43
A0A034UKV1,0.73
A0A034VIX6,0.48
A0A037Z904,0.45
A0A038GYL3,0.76
A0A059EDP7,0.64
A0A059ENV2,0.5
A0A059FFM6,0.76
A0A059LE18,0.58
A0A059WFK9,0.62
A0A060BE86,0.52
A0A060H7U4,0.59
A0A060HI08,0.64
A0A060NBS0,0.43
A0A060X913,0.66
A0A060XS65,0.38
A0A060Z8Y1,0.59
A0A060ZW90,0.49
A0A061AT94,0.39
A0A061B573,0.53
A0A061GDT0,0.47
A0A061I3H3,0.54
A0A061N7V0,0.71
A0A061NG50,0.46
A0A061SEL8,0.3
A0A062X1G5,0.5
A0A063UGB9,0.46
A0A063YP95,0.61
A0A066W079,0.56
A0A066W6E9,0.35
A0A066W7E4,0.63
A0A066WDF2,0.42
A0A066WLX0,0.59
A0A067BN01,0.43
A0A067CMQ8,0.51
A0A067GMI8,0.64
A0A067GTK6,0.67
A0A067JRU2,0.43
A0A067NA85,0.41
A0A067NTC2,0.43
A0A068S6Y7,0.56
A0A068XJY5,0.36
A0A069I6G2,0.61
A0A069K2J9,0.59
A0A069TA36,0.54
A0A069ZK66,0.4
A0A069ZMJ6,0.54
A0A071LBI1,0.75
A0A072T526,0.46
A0A073CKT8,0.65
A0A073INL7,0.68
A0A073IQV5,0.57
A0A073IVF5,0.52
A0A073KT26,0.49
A0A074I5Y8,0.5
A0A074LQC3,0.44
A0A074XG49,0.52
A0A075A2J9,0.49
A0A075FM11,0.61
A0A075G812,0.45
A0A075GM05,0.71
A0A075RGS9,0.61
A0A075WD88,0.73
A0A076JM23,0.78
A0A076LF71,0.6
A0A077J984,0.63
A0A077NVQ4,0.62
A0A078AGD8,0.55
A0A078FCX8,0.33
A0A078H646,0.71
A0A078HU37,0.51
A0A078I7W0,0.77
A0A078L0V3,0.64
A0A078LMT5,0.49
A0A078MP93,0.72
A0A080ZI44,0.64
A0A081A5J8,0.46
A0A081ALP8,0.49
A0A081AZW4,0.62
A0A081B7A3,0.55
A0A081N8Q4,0.73
A0A081NA01,0.41
A0A081NBX5,0.56
A0A081PD82,0.56
A0A081PJ11,0.78
A0A081SFL2,0.72
A0A081TQP4,0.48
A0A081YAU1,0.44
A0A084AS17,0.61
A0A084EP39,0.65
A0A084QDH1,0.42
A0A084RJ60,0.61
A0A084SYI0,0.63
A0A084TK46,0.49
A0A085FXM4,0.31
A0A085GIG7,0.66
A0A085MCB3,0.42
A0A085MIM6,0.47
A0A085MT59,0.49
A0A085NCZ1,0.49
A0A086J5G9,0.52
A0A087A5R2,0.78
A0A087B9J9,PARSE_ERROR
A0A087CMF0,0.72
A0A087GGA1,0.59
A0A087LLX0,0.66
A0A087LVW7,0.28
A0A087M740,0.66
A0A087SKA2,0.65
A0A087VSL5,0.42
A0A087W225,0.52
A0A088F032,0.52
A0A088QYU7,0.57
A0A088RSW7,0.28
A0A089IJR7,0.5
A0A089IU93,0.63
A0A089NXB7,0.39
A0A089ZXK9,0.57
A0A090G1E7,0.47
A0A090GH92,0.48
A0A090IL25,0.42
A0A090R182,0.57
A0A090R387,0.57
A0A090R5C7,0.54
A0A090RCN3,0.47
A0A090RNJ0,0.51
A0A090T2Q3,0.75
A0A093GHV1,0.48
A0A093XDG2,0.43
A0A093Y215,0.49
A0A094A6L6,0.56
A0A094AET1,0.62
A0A094CJ35,0.57
A0A094F652,0.47
A0A094FLE1,0.47
A0A094GBZ8,0.38
A0A094H996,0.28
A0A094KQK3,0.48
A0A095AL37,0.56
A0A095CGB9,0.47
A0A095DSY9,0.38
A0A095FKQ3,0.54
A0A095X363,0.69
A0A095X470,0.6
A0A095XCG2,0.51
A0A096AAW4,0.53
A0A096AYD3,0.7
A0A096NPD8,0.46
A0A096P881,0.37
A0A096URA9,0.5
A0A097IC62,0.6
A0A097P5W6,0.72
A0A097P7J4,0.56
A0A097QWG3,0.71
A0A098CRS7,0.74
A0A098EC82,0.23
A0A098RSJ2,0.62
A0A098S776,0.63
A0A098U1G1,0.6
A0A098VPP9,0.55
A0A098Y773,0.69
A0A099B6C4,0.57
A0A099BVI0,0.73
A0A099IAD4,0.66
A0A099J706,0.49
A0A099U533,0.58
A0A099Y4A5,0.72
A0A0A0BI45,0.54
A0A0A0CTX4,0.51
A0A0A0EWP6,0.69
A0A0A0HX22,0.48
A0A0A0REU0,0.34
A0A0A0WH84,0.6
A0A0A1DRC8,0.65
A0A0A1FA81,0.58
A0A0A1N549,0.43
A0A0A1NB26,0.63
A0A0A1YP99,0.77
A0A0A2C8Z5,0.49
A0A0A2EU78,0.54
A0A0A2KD09,0.54
A0A0A2VAC1,0.53
A0A0A3A7Q9,0.72
A0A0A3IYE7,0.57
A0A0A3J0B4,0.63
A0A0A5I4J8,0.56
A0A0A5IJ77,0.54
A0A0A6N6F8,0.7
A0A0A6RZM7,0.41
A0A0A7PL31,0.56
A0A0A8C7K4,0.58
A0A0A8J3M8,0.4
A0A0A8P0Q0,0.68
A0A0A8P6A0,0.74
A0A0A8RHW7,0.51
A0A0A8VWL6,0.55
A0A0A8W3Z6,0.51
A0A0A8WJ41,0.68
A0A0A9EUH1,0.46
A0A0B0DR31,0.5
A0A0B0H5Y5,0.53
A0A0B0HJ12,0.52
A0A0B0IA79,0.45
A0A0B0MZL3,0.51
A0A0B0NKJ5,0.48
A0A0B1T1F6,0.49
A0A0B1T5E0,0.75
A0A0B1U0D8,0.58
A0A0B2P7N8,0.54
A0A0B2UPC7,0.75
A0A0B2XV23,0.54
A0A0B2YWW9,0.61
A0A0B3BJR5,0.47
A0A0B3T5N9,0.43
A0A0B4G4B3,0.44
A0A0B4G600,0.66
A0A0B4S006,0.73
A0A0B5BMP3,0.58
A0A0B5KV19,0.47
A0A0B6RX94,0.52
A0A0B7FBA8,0.72
A0A0B7FNN5,0.5
A0A0B7GZN5,0.62
A0A0B7IL02,0.46
A0A0B8NVI9,0.73
A0A0B8PA67,0.57
A0A0B8Q160,0.73
A0A0B8WWX7,0.62
A0A0B9A442,0.57
A0A0C1NR54,0.69
A0A0C1T9I8,0.76
A0A0C1TSV5,0.58
A0A0C1YCN0,0.54
A0A0C2AFA4,0.76
A0A0C2AL36,0.75
A0A0C2CFT8,0.65
A0A0C2H306,0.69
A0A0C2HEK5,0.54
A0A0C2IPF3,0.59
A0A0C2V6D1,0.52
A0A0C2W2M3,0.62
A0A0C2Z2Y1,0.69
A0A0C3A788,0.46
A0A0C3PPE3,0.49
A0A0C4DSL8,0.63
A0A0C4EK35,0.52
A0A0C4FD63,0.46
A0A0C5CCJ5,0.63
A0A0C5EBR2,0.56
A0A0C5GHJ2,0.55
A0A0C5XN93,0.52
A0A0C6G039,0.61
A0A0C7BC16,0.49
A0A0C7BEH5,0.49
A0A0C7BHP3,0.5
A0A0C7BIF6,0.47
A0A0C7C0M2,0.61
A0A0C7CFD6,0.51
A0A0C7NI84,0.73
A0A0C9LMG3,0.52
A0A0C9RPK9,0.63
A0A0C9T0J9,0.49
A0A0C9VPN9,0.49
A0A0D0DJ59,0.65
A0A0D0LSV3,0.59
A0A0D0Q0E6,0.54
A0A0D0TS53,0.51
A0A0D0V2R6,0.52
A0A0D0W1Q8,0.38
A0A0D0WXN0,0.49
A0A0D0Y6R8,0.44
A0A0D1J6U6,0.77
A0A0D1KA08,0.61
A0A0D1LRL3,0.53
A0A0D2DA95,0.66
A0A0D2DXW7,0.51
A0A0D2GYK0,0.45
A0A0D2HDU6,0.53
A0A0D2HIP0,0.46
A0A0D2PTM2,0.42
A0A0D2WES1,0.55
A0A0D2XFH3,0.47
A0A0D2XLY5,0.36
A0A0D3CPM8,0.66
A0A0D3FX77,0.48
A0A0D3GRG7,0.5
A0A0D4CZT7,0.54
A0A0D5ACC2,0.4
A0A0D5AF55,0.5
A0A0D5LF42,0.49
A0A0D5VG84,0.71
A0A0D5YS17,0.72
A0A0D6KA96,0.71
A0A0D6L1B2,0.56
A0A0D6MD71,0.66
A0A0D6PHA0,0.52
A0A0D6Q9C4,0.54
A0A0D6QP56,0.62
A0A0D6QY32,0.31
A0A0D6TL85,0.54
A0A0D6ZHD2,0.8
A0A0D7NCT7,0.44
A0A0D7XCI6,0.48
A0A0D8BJL3,0.55
A0A0D8BM40,0.69
A0A0D8CI07,0.66
A0A0D8CPU8,0.42
A0A0D8XKC4,0.52
A0A0D9NL28,0.35
A0A0D9P757,0.42
A0A0D9VKJ8,0.44
A0A0E0BGR5,0.55
A0A0E0H6E4,0.5
A0A0E0JJT7,0.67
A0A0E0K325,0.48
A0A0E0RF20,0.56
A0A0E0T5X3,0.54
A0A0E0T6V3,0.64
A0A0E0UC26,0.65
A0A0E1CGI5,0.6
A0A0E1GHW0,0.73
A0A0E1VWT1,0.76
A0A0E1XIL3,0.48
A0A0E2E6H9,0.47
A0A0E2EQQ9,0.63
A0A0E2ZI43,0.25
A0A0E2ZZZ7,0.74
A0A0E3GSS7,0.6
A0A0E3GWQ7,0.55
A0A0E3HK97,0.61
A0A0E3M8M8,0.37
A0A0E3P4Q7,0.49
A0A0E3QB84,0.61
A0A0E3SF54,0.73
A0A0E3T6C4,0.75
A0A0E3VYW8,0.57
A0A0E3WS88,0.53
A0A0E9G5S6,0.72
A0A0F0CIK6,0.78
A0A0F0F1E5,0.47
A0A0F0H1A3,0.74
A0A0F0IPK5,0.39
A0A0F0LQW6,0.55
A0A0F0LSC4,0.49
A0A0F2I3K0,0.49
A0A0F2JD62,0.5
A0A0F2KLD6,0.56
A0A0F2LBM0,0.45
A0A0F2TJC1,0.57
A0A0F2TPP6,0.52
A0A0F3GYV8,0.72
A0A0F3KW76,0.73
A0A0F3QIN2,0.51
A0A0F3QJN7,0.44
A0A0F4GJC9,0.46
A0A0F4I7L1,0.54
A0A0F4NN74,PARSE_ERROR
A0A0F5IP51,0.51
A0A0F5K213,0.52
A0A0F5VZK5,0.55
A0A0F5YI10,0.56
A0A0F5Z2J6,0.73
A0A0F6A5C0,0.77
A0A0F6BI99,0.43
A0A0F6MV37,0.54
A0A0F6ZLA6,0.5
A0A0F6ZLB5,0.51
A0A0F7E696,0.43
A0A0F7FBE8,PARSE_ERROR
A0A0F7FFR9,0.5
A0A0F7PTJ1,0.7
A0A0F7RGY6,0.54
A0A0F8AZW2,0.47
A0A0F8B853,0.4
A0A0F8CSX7,0.56
A0A0F8FUK2,0.49
A0A0F8XR11,0.52
A0A0F8ZD13,0.51
A0A0F8ZG26,0.69
A0A0F9A7W0,0.61
A0A0F9AK50,0.64
A0A0F9B0V8,0.52
A0A0F9DIP7,0.45
A0A0F9EQV0,0.63
A0A0F9GH77,0.65
A0A0F9GND6,0.73
A0A0F9J1S8,0.62
A0A0F9J357,0.58
A0A0F9JIN5,0.68
A0A0F9MAX1,0.5
A0A0F9MZX2,0.68
A0A0F9PS94,0.52
A0A0F9VGA8,0.55
A0A0F9VT11,0.58
A0A0F9WCS6,0.42
A0A0F9WU86,0.61
A0A0G0AD15,0.55
A0A0G0DB63,0.5
A0A0G0H1B0,0.73
A0A0G0INS8,0.49
A0A0G0J498,0.73
A0A0G0K8G2,0.48
A0A0G0KYQ6,0.46
A0A0G0MBP6,0.69
A0A0G0PHQ0,0.59
A0A0G0PK73,0.65
A0A0G0QNG6,0.68
A0A0G0SC84,0.56
A0A0G0SLX8,0.77
A0A0G0TK91,0.74
A0A0G0TXJ2,0.54
A0A0G0UJF6,0.78
A0A0G0V7K5,0.59
A0A0G0V9M3,0.5
A0A0G0W5X4,0.74
A0A0G0WBS3,0.63
A0A0G0WXY0,0.47
A0A0G0XRC6,0.77
A0A0G0ZIB9,0.77
A0A0G1BMK9,0.46
A0A0G1CMI6,0.46
A0A0G1FE27,0.65
A0A0G1FQN3,0.47
A0A0G1GFF0,0.67
A0A0G1J2Y5,0.62
A0A0G1JQM7,0.49
A0A0G1K5W3,0.77
A0A0G1KUI1,0.59
A0A0G1KZ84,0.73
A0A0G1LNI4,0.62
A0A0G1MU82,0.75
A0A0G1NDG3,0.71
A0A0G1NLR6,0.75
A0A0G1PT67,0.47
A0A0G1Q6X8,0.76
A0A0G1SL90,0.64
A0A0G1SP70,0.75
A0A0G1U3M7,0.78
A0A0G1UKN3,0.79
A0A0G1VND4,0.76
A0A0G1VRB0,0.46
A0A0G1VRT6,0.61
A0A0G1W740,0.41
A0A0G1W7K4,0.58
A0A0G1WDE1,0.61
A0A0G1YVC5,0.73
A0A0G1ZQ72,0.59
A0A0G1ZY94,0.54
A0A0G2A9E9,0.39
A0A0G2GR55,0.52
A0A0G2ZXI4,0.73
A0A0G4ARW6,0.66
A0A0G4BXB5,0.58
A0A0G4EX53,0.62
A0A0G4G7V6,0.76
A0A0G4H2R4,0.69
A0A0G4ISF5,0.39
A0A0G4L550,0.58
A0A0G4M6U9,0.42
A0A0G4MUF5,0.53
A0A0G4MV19,0.59
A0A0G4NPQ9,0.44
A0A0G9I731,0.51
A0A0G9KJD1,0.45
A0A0H2LRF8,0.55
A0A0H2WB31,0.54
A0A0H2XTR1,0.5
A0A0H3B4J1,0.4
A0A0H3I7J8,0.52
A0A0H3J4Y2,0.63
A0A0H3K5U8,0.48
A0A0H4ISF3,0.48
A0A0H4KCL2,0.73
A0A0H4KH29,0.5
A0A0H4KYB6,0.76
A0A0H4KYT7,0.57
A0A0H5QBD1,0.59
A0A0H5RUB3,0.58
A0A0H5ZAR3,0.72
A0A0H6GDF2,0.73
A0A0H6H7D6,0.49
A0A0H6HB78,0.61
A0A0H6I3C4,0.65
A0A0H6P768,0.65
A0A0H6PS34,0.51
A0A0H6VMM7,0.55
A0A0H6X4W4,0.6
A0A0I9S9H7,0.52
A0A0J0U962,0.65
A0A0J1DCR6,0.51
A0A0J1IRW4,0.63
A0A0J1J5M5,0.62
A0A0J1KDH6,0.6
A0A0J1NF59,0.43
A0A0J6CJ57,0.67
A0A0J6UKV7,0.65
A0A0J6X052,0.48
A0A0J6XVU5,0.68
A0A0J6YJI9,0.47
A0A0J6YNE2,0.57
A0A0J6YPW1,0.41
A0A0J6YSA4,0.3
A0A0J7XFA1,0.77
A0A0J8J2X0,0.62
A0A0J8UAA0,0.53
A0A0J8UQY0,0.51
A0A0J8UUB5,0.56
A0A0J9C6Y5,0.65
A0A0J9W0W6,0.5
A0A0J9WGS1,0.41
A0A0J9WUF0,0.55
A0A0J9Y5L9,0.33
A0A0K0F042,0.58
A0A0K0K2I8,0.58
A0A0K0MWD4,0.59
A0A0K1E7F8,0.5
A0A0K1JTH6,0.74
A0A0K1NIQ1,0.68
A0A0K1PWF2,0.62
A0A0K2DXD1,0.41
A0A0K2GEY1,0.55
A0A0K2J5W8,0.68
A0A0K2L525,0.73
A0A0K2MCW0,0.61
A0A0K2QZP4,0.59
A0A0K2SZU7,0.37
A0A0K2WA86,0.44
A0A0K2Y6A4,0.65
A0A0K3BRC0,0.58
A0A0K3CJS3,0.51
A0A0K6G0K8,0.5
A0A0K6HE89,0.56
A0A0K8MKU9,0.51
A0A0K8SFP0,0.6
A0A0K8TZ21,0.43
A0A0K9ERD1,0.78
A0A0K9UTU5,0.49
A0A0L0FYJ5,0.43
A0A0L0S799,0.46
A0A0L0SDX5,0.55
A0A0L0SXZ3,0.52
A0A0L0UZ19,0.47
A0A0L1KNE5,0.52
A0A0L1L2T4,0.58
A0A0L6DH79,0.44
A0A0L6HU28,0.72
A0A0L6T3S3,0.73
A0A0L6X2K0,0.52
A0A0L7BVU9,0.7
A0A0L7CSQ0,0.57
A0A0L7P761,0.68
A0A0L8FSI4,0.5
A0A0L8V725,0.53
A0A0L8VBL5,0.7
A0A0L8VJ47,0.46
A0A0M0A8X0,0.52
A0A0M0ACJ1,0.5
A0A0M0BTC7,0.58
A0A0M0EUN8,0.74
A0A0M0F7V1,0.65
A0A0M0GS14,0.55
A0A0M0HQ17,0.51
A0A0M0WBD3,0.69
A0A0M1HSU4,0.56
A0A0M1KHJ5,0.49
A0A0M1UMM9,0.54
A0A0M2GT74,0.58
A0A0M2LSE1,0.66
A0A0M2M3A6,0.53
A0A0M2XM35,0.52
A0A0M3A156,0.51
A0A0M3D8S3,0.74
A0A0M3J4H6,0.7
A0A0M3M6B9,0.54
A0A0M4DM05,0.61
A0A0M4GL07,0.66
A0A0M4LXB9,0.6
A0A0M4MUT1,0.59
A0A0M4NT22,0.43
A0A0M4Q976,0.42
A0A0M4SCY1,0.56
A0A0M7A161,0.47
A0A0M7A8N2,0.73
A0A0M8PGE4,0.68
A0A0M8TWD5,0.67
A0A0M8WTF7,0.48
A0A0M8XWP8,0.73
A0A0M9AIH2,0.36
A0A0M9BQ56,0.64
A0A0M9EIS4,0.62
A0A0M9Z7H9,0.64
A0A0M9ZT87,0.74
A0A0N0ASR6,0.43
A0A0N0BP08,0.51
A0A0N0BPN5,0.62
A0A0N0D3P3,0.57
A0A0N0E893,0.53
A0A0N0L7Y5,0.45
A0A0N0LT50,0.56
A0A0N0M7T5,0.52
A0A0N0MEQ1,0.57
A0A0N0MV77,0.72
A0A0N0UVB9,0.38
A0A0N0Y890,0.52
A0A0N0Z1J6,0.65
A0A0N1AKD8,0.5
A0A0N1EEB0,0.56
A0A0N1L273,0.44
A0A0N4XLX9,0.7
A0A0N5BL92,0.52
A0A0N7I7Z3,0.69
A0A0N7J7Z0,0.46
A0A0N8AIE9,0.4
A0A0N8ALW5,0.72
A0A0N8CHY3,0.61
A0A0N8D1R0,0.56
A0A0N8EN44,0.59
A0A0N8Q4T0,0.57
A0A0N9HUF2,0.4
A0A0N9MWD7,0.68
A0A0P0DAD2,0.64
A0A0P0EIN3,0.47
A0A0P0FL47,0.43
A0A0P0YPU6,0.62
A0A0P1ED54,0.73
A0A0P1GAI9,0.72
A0A0P4ZX97,0.46
A0A0P5E083,0.53
A0A0P5E9B2,0.47
A0A0P5EBM6,0.63
A0A0P5FV23,0.6
A0A0P5JUD4,0.51
A0A0P5L4Q0,0.73
A0A0P5LK40,0.52
A0A0P5LVX0,0.62
A0A0P5N0D6,0.5
A0A0P5N213,0.66
A0A0P5NHP6,0.52
A0A0P5NSA7,0.59
A0A0P5P488,0.6
A0A0P5PJ15,0.62
A0A0P5Q8D0,0.43
A0A0P5QLN8,0.6
A0A0P5TAT6,0.55
A0A0P5TBY6,0.3
A0A0P5TCF9,0.69
A0A0P5TZ76,0.56
A0A0P5UE61,0.57
A0A0P5VJ79,0.41
A0A0P5VZQ3,0.6
A0A0P5W6P0,0.46
A0A0P5X482,0.59
A0A0P5XA39,0.41
A0A0P5XFG5,0.75
A0A0P5XG58,0.7
A0A0P5Y1M6,0.65
A0A0P5YGX2,0.73
A0A0P5YIB6,0.48
A0A0P5YLW7,0.42
A0A0P5YWG6,0.48
A0A0P5Z3S4,0.55
A0A0P5Z4X4,0.51
A0A0P5ZML1,0.65
A0A0P5ZMX8,0.51
A0A0P5ZRS8,0.55
A0A0P5ZUM6,0.57
A0A0P6A6L4,0.71
A0A0P6CGM8,0.67
A0A0P6CIB7,0.51
A0A0P6CSJ4,0.34
A0A0P6DSJ7,0.72
A0A0P6EHK5,0.58
A0A0P6G010,0.53
A0A0P6G5A2,0.45
A0A0P6HMF9,0.62
A0A0P6IHS1,0.52
A0A0P6VH66,0.55
A0A0P6XHB3,0.66
A0A0P6YDA8,0.51
A0A0P7BP56,0.5
A0A0P7C9D1,0.5
A0A0P7HBM1,0.55
A0A0P9F6U4,0.73
A0A0P9FJF9,0.54
A0A0P9HQM4,0.4
A0A0P9JXH2,0.55
A0A0P9KTZ5,0.53
A0A0P9P0I5,0.56
A0A0P9RQ26,0.69
A0A0P9TXM4,0.56
A0A0P9V9W6,0.54
A0A0Q0CP93,0.6
A0A0Q0DNB2,0.53
A0A0Q0RKH4,0.56
A0A0Q0VSC9,0.66
A0A0Q0YV85,0.48
A0A0Q0ZRI6,0.52
A0A0Q3EPU6,0.55
A0A0Q3IM53,0.62
A0A0Q3R5E5,0.47
A0A0Q4EZ20,0.5
A0A0Q4F2J0,0.44
A0A0Q4KKG4,0.59
A0A0Q4MAK4,0.53
A0A0Q4NYF3,0.71
A0A0Q4P428,0.71
A0A0Q4PL70,0.59
A0A0Q4QZS2,0.51
A0A0Q4RBV5,0.53
A0A0Q4RDT8,0.52
A0A0Q4WJM5,0.51
A0A0Q5BXS8,0.51
A0A0Q5I1G2,0.56
A0A0Q5I1J5,0.36
A0A0Q5R9J5,PARSE_ERROR
A0A0Q5VGH0,0.75
A0A0Q6D1C2,0.45
A0A0Q6DW37,0.72
A0A0Q6L6M9,0.76
A0A0Q6TTP0,0.73
A0A0Q6WKP7,0.71
A0A0Q6XX72,0.67
A0A0Q7CZF9,0.63
A0A0Q7DG92,0.75
A0A0Q7G7Q5,0.66
A0A0Q7L328,0.56
A0A0Q7VTT9,0.49
A0A0Q7XKY8,0.71
A0A0Q7Z9N7,0.53
A0A0Q8BHJ4,0.5
A0A0Q8DL36,0.57
A0A0Q8E7Z4,0.53
A0A0Q8FTC6,0.73
A0A0Q8IBL6,0.71
A0A0Q8LCY7,0.52
A0A0Q8MR46,0.73
A0A0Q8Q502,0.7
A0A0Q8SLF0,0.57
A0A0Q8UGD3,PARSE_ERROR
A0A0Q8V709,0.48
A0A0Q8VRC7,0.53
A0A0Q8WGR8,0.41
A0A0Q8XAJ0,0.52
A0A0Q8XD19,0.49
A0A0Q8Y5W3,0.73
A0A0Q8YR49,0.48
A0A0Q9A6U1,0.61
A0A0Q9IZV7,0.35
A0A0Q9JQF6,0.5
A0A0Q9KAT6,0.5
A0A0Q9LPY4,0.7
A0A0Q9RI68,0.57
A0A0Q9Y1Y1,0.59
A0A0R0FW83,0.48
A0A0R0LGC3,0.56
A0A0R0LYW2,0.53
A0A0R1BAG2,0.55
A0A0R1F2W8,0.69
A0A0R1FQM6,0.48
A0A0R1MCE3,0.76
A0A0R1QJZ7,0.7
A0A0R1RGW5,0.51
A0A0R1YPA5,0.58
A0A0R1ZDD8,0.46
A0A0R1ZIM4,0.53
A0A0R2A638,0.72
A0A0R2CX32,0.71
A0A0R2EBF6,0.47
A0A0R2H5R0,0.75
A0A0R2I3Q7,0.61
A0A0R2I5H7,0.46
A0A0R2IC19,0.46
A0A0R2JB42,0.6
A0A0R2PE76,0.66
A0A0R2PSE3,0.66
A0A0R2QCY8,0.66
A0A0R2RF87,0.6
A0A0R2T7Z2,0.72
A0A0R2U2U3,0.78
A0A0R2XE41,0.43
A0A0R3E2F9,0.6
A0A0R3L1X8,0.44
A0A0R3PW98,0.45
A0A0R3VZA4,0.64
A0A0S0ZHD5,0.5
A0A0S2K3C5,0.71
A0A0S2NUA8,0.65
A0A0S3K320,0.54
A0A0S3NTP6,0.6
A0A0S3TJI7,0.54
A0A0S4LIJ5,0.64
A0A0S4M2K3,0.44
A0A0S4PHG7,0.69
A0A0S4PHI5,0.71
A0A0S4PKT6,0.74
A0A0S4QZW4,0.75
A0A0S4RE83,0.51
A0A0S4TDF0,0.38
A0A0S4TKM1,0.42
A0A0S7AGR0,0.51
A0A0S7AMU8,0.66
A0A0S7APP5,0.54
A0A0S7E3Y3,0.5
A0A0S7H9S9,0.64
A0A0S7HA22,0.57
A0A0S7JCH9,0.52
A0A0S7K744,0.4
A0A0S7LXA2,0.55
A0A0S8BWS9,0.77
A0A0S8E2C5,0.68
A0A0S8ETY1,0.42
A0A0S8G973,0.49
A0A0S8HFX5,0.59
A0A0S8ISK0,0.49
A0A0S8J603,0.57
A0A0S8JD39,0.47
A0A0S8JRU6,0.52
A0A0S8K8D0,0.58
A0A0S9KAP3,0.74
A0A0S9NFV5,0.52
A0A0S9Q0I7,0.48
A0A0T1WJ51,0.64
A0A0T2YJ41,0.68
A0A0T5X8X5,0.49
A0A0T5XAV3,0.7
A0A0T5Z7B3,0.51
A0A0T6ADP9,0.75
A0A0T7G0L0,0.7
A0A0T7PIR5,0.57
A0A0T9RMK8,0.48
A0A0T9WHT6,0.53
A0A0U0CM36,0.49
A0A0U0S6E8,0.57
A0A0U0SWG5,0.57
A0A0U0Z9Z9,0.58
A0A0U1KV06,0.63
A0A0U2NWS1,0.65
A0A0U2UBM5,0.58
A0A0U2VTJ1,0.7
A0A0U2WRD7,0.54
A0A0U2ZD87,0.61
A0A0U3AD72,0.75
A0A0U3B336,0.78
A0A0U3G661,0.57
A0A0U3HNT5,0.64
A0A0U3JRX7,0.58
A0A0U3PUM8,0.64
A0A0U4B314,0.63
A0A0U4CHU7,0.7
A0A0U4KYN7,0.56
A0A0U4MTN7,0.44
A0A0U4W7X9,0.54
A0A0U4XS88,0.6
A0A0U5EQ87,0.59
A0A0U5IQC1,0.59
A0A0V0QSN1,0.49
A0A0V0RF99,0.46
A0A0V0SES1,0.33
A0A0V0TDF0,0.53
A0A0V0TTH8,0.28
A0A0V1CAV4,0.58
A0A0V1DDM9,0.48
A0A0V1JJH9,0.55
A0A0V1QT41,0.53
A0A0V8M3Q4,0.8
A0A0V8SCT7,0.38
A0A0V8SQ04,0.53
A0A0W0FAM5,0.55
A0A0W0FXS4,0.47
A0A0W0GAG8,0.47
A0A0W0HBP7,0.54
A0A0W0NPJ0,0.64
A0A0W0R9C8,0.57
A0A0W0W3I3,0.74
A0A0W0WSV5,0.5
A0A0W0YSZ7,0.59
A0A0W0ZB52,0.56
A0A0W0ZTK3,0.8
A0A0W1AME2,0.46
A0A0W1ESQ3,0.53
A0A0W1F1J0,0.62
A0A0W1R5K8,0.45
A0A0W7TVY4,0.55
A0A0W7TY85,0.46
A0A0W7U5U7,0.73
A0A0W7WDT6,0.58
A0A0W8D253,0.48
A0A0W8FM62,0.52
A0A0W8FTN8,0.76
A0A0W8JEG4,0.77
A0A0X1KPF1,0.56
A0A0X2NJH5,0.49
A0A0X3QER3,0.51
A0A0X3VUL7,0.6
A0A0X3X5K7,0.41
A0A0X8C3T5,0.73
A0A0X8F747,0.46
A0A0X8FBD8,0.6
A0A0X8GRS0,0.52
A0A0Y0JXC7,0.56
A0A0Z8LKZ9,0.49
A0A100HMU5,0.61
A0A100IKI1,0.46
A0A100W0V2,0.54
A0A100ZK86,0.69
A0A101DZC7,0.59
A0A101GJ92,0.53
A0A101H4J7,0.41
A0A101I785,0.65
A0A101LAF0,0.47
A0A101N1K9,0.54
A0A101T1X9,0.59
A0A101TAV6,0.47
A0A101W6M2,0.6
A0A103XF97,0.6
A0A103Y377,0.44
A0A104CCR6,0.52
A0A104MPK3,0.55
A0A105M9Q5,0.5
A0A109BV03,0.76
A0A109RE40,0.54
A0A109SXD6,0.75
A0A109UP31,0.76
A0A109W3W0,0.51
A0A117M449,0.59
A0A117SKL3,0.71
A0A117UXB8,0.57
A0A118FTM7,0.64
A0A118XNP9,0.51
A0A120HT35,0.55
A0A120I9D4,0.52
A0A120J0Q7,0.64
A0A124F2N8,0.54
A0A124FD69,0.48
A0A124FKX1,0.57
A0A124FZ10,0.7
A0A124HYS8,0.46
A0A125V8C0,0.75
A0A125YI12,0.34
A0A126JIR9,0.5
A0A126QYN8,0.59
A0A126YBW0,0.63
A0A127CEK1,0.58
A0A127H385,0.44
A0A131Y1S2,0.43
A0A132A399,0.73
A0A132HEV5,0.67
A0A132HQD2,0.55
A0A132MNP0,0.56
A0A132NNW5,0.47
A0A132NVE1,0.48
A0A132NZM2,0.46
A0A132PKE5,0.64
A0A132U368,0.51
A0A133N434,0.72
A0A133PXX1,0.43
A0A133UV38,0.54
A0A133VBH6,0.56
A0A133Y2N1,0.49
A0A134A8F6,0.7
A0A134BIB9,0.48
A0A134BP79,PARSE_ERROR
A0A134CDZ4,0.53
A0A134CEW9,0.39
A0A134DKH1,0.56
A0A135IBF8,0.76
A0A135L1B5,0.54
A0A135TSZ3,0.43
A0A135UP97,0.76
A0A135ZG17,0.51
A0A136M2K6,0.5
A0A136NMR8,0.47
A0A136Q884,0.76
A0A137SEM6,0.68
A0A137XSQ2,0.56
A0A139CLS6,0.66
A0A139K0H7,0.54
A0A139KXL7,0.41
A0A139LS13,0.42
A0A139R5G4,0.74
A0A139T9Q7,0.7
A0A140G3W3,0.48
A0A140LB63,0.67
A0A140NJ57,0.59
A0A142B7E5,0.58
A0A142GS87,0.73
A0A142XQU0,0.63
A0A143BID8,0.49
A0A143PKA2,0.75
A0A143Q0Y6,0.41
A0A143WZS8,0.49
A0A143XPV0,0.5
A0A143Y1J0,0.52
A0A143ZJY4,0.56
A0A144KT83,0.48
A0A144MKY4,0.31
A0A146FJ92,0.36
A0A146FSA7,0.47
A0A146FVE8,0.4
A0A146FVV1,0.6
A0A146G2Z9,0.46
A0A146G366,0.55
A0A146G976,0.49
A0A146JRR9,0.56
A0A146M6D2,0.45
A0A146MTT7,0.67
A0A146N5M2,0.37
A0A146NA30,0.6
A0A146NCZ9,0.44
A0A146PN30,0.51
A0A146PNG7,0.48
A0A146PZ98,0.77
A0A146Q881,0.72
A0A146QDU5,0.54
A0A146RAT2,0.57
A0A146RZ88,0.55
A0A146S0G8,0.55
A0A146S8R2,0.5
A0A146SIE7,0.52
A0A146UEU7,0.64
A0A146UG45,0.71
A0A146UHP8,0.51
A0A146URA6,0.4
A0A146VZP6,0.45
A0A146W884,0.51
A0A146WA70,0.46
A0A146WD81,0.35
A0A146X541,0.4
A0A146XFK7,0.68
A0A146XGA9,0.49
A0A146XJU2,0.66
A0A146XK51,0.59
A0A146XUL4,0.43
A0A146YHV3,0.59
A0A146YYC8,0.59
A0A146ZDH6,0.54
A0A146ZG79,0.45
A0A147EQE3,0.58
A0A147GM02,0.63
A0A147ITY6,0.36
A0A149QRF5,0.78
A0A149S5X4,0.65
A0A149THZ7,0.73
A0A150F7B7,0.79
A0A150HBX3,0.49
A0A150IJF8,0.63
A0A150IYC4,0.75
A0A150JJ44,0.66
A0A150KMH5,0.69
A0A150NYD3,0.51
A0A150R2L1,0.29
A0A150RU02,0.38
A0A150TLQ8,0.52
A0A150W1S5,0.54
A0A150WBQ9,0.59
A0A151D3A8,0.46
A0A151GCM0,0.77
A0A151I0R7,0.59
A0A151QDN5,0.63
A0A151RLR6,0.53
A0A151SSP1,0.48
A0A151TYB5,0.5
A0A154QYJ8,0.5
A0A157M7U0,0.43
A0A157S6L8,0.82
A0A158BQU7,0.74
A0A158ICH8,0.45
A0A158KNN4,0.53
A0A158KR02,0.55
A0A158P913,0.47
A0A158S245,0.3
A0A160F5L4,0.54
A0A160TDP5,0.56
A0A160TQ79,0.75
A0A160VP67,0.45
A0A161IEE7,0.75
A0A161K0S6,0.63
A0A161PM16,0.5
A0A161QCC4,0.45
A0A161S1T8,0.47
A0A161W4Y5,0.28
A0A162DZK6,0.75
A0A162HN15,0.42
A0A162JLT0,0.54
A0A162LFI5,0.5
A0A162S7G6,0.58
A0A163BA09,0.57
A0A163BGT9,0.47
A0A163HU60,0.64
A0A163KKY5,0.53
A0A163P6V3,0.74
A0A163SDN1,0.54
A0A163W3S9,0.57
A0A164NGR1,0.53
A0A164NMI9,0.51
A0A165EVG0,0.52
A0A165EWK2,0.47
A0A165F656,0.58
A0A165JF91,0.6
A0A165MVN6,0.66
A0A165QXU2,0.78
A0A165WXZ6,0.56
A0A165YU62,0.41
A0A165ZT93,0.49
A0A166BUR3,0.53
A0A166LD91,0.62
A0A166TG16,0.52
A0A167LTC5,0.5
A0A167NGW6,0.72
A0A167RQL0,0.56
A0A167YYL4,0.76
A0A168ELJ8,0.56
A0A168H6T3,0.48
A0A168JDA9,0.55
A0A168LZQ9,0.44
A0A170PIP4,0.47
A0A172T3R3,0.64
A0A172T4F4,0.56
A0A172UBA6,0.52
A0A172WFT2,0.57
A0A172WM22,0.68
A0A172WPZ5,0.51
A0A173ITW8,0.56
A0A173S3C2,0.42
A0A173SC04,0.57
A0A173SN08,0.47
A0A173UHJ6,0.58
A0A173UK29,0.61
A0A173WZL2,0.73
A0A173XFQ9,0.48
A0A173YYM0,0.52
A0A174AXQ0,0.49
A0A174BD52,0.63
A0A174BR34,0.57
A0A174D779,0.58
A0A174DZ25,0.59
A0A174E5F4,0.62
A0A174ELU2,0.65
A0A174GA52,0.56
A0A174GDC9,0.6
A0A174IN64,0.51
A0A174K0E6,0.61
A0A174L9H3,0.5
A0A174MXX1,0.39
A0A174MYD0,0.55
A0A174P9D1,0.6
A0A174PWE8,0.4
A0A174QUI2,0.65
A0A174RA14,0.41
A0A174RSK8,0.55
A0A174SH31,0.3
A0A174SHN6,0.59
A0A174TGQ7,0.72
A0A174VMI1,0.59
A0A174WET0,0.78
A0A174WPV1,0.79
A0A174XB66,0.44
A0A175JI25,0.35
A0A175RH11,0.62
A0A175RH57,0.44
A0A176FWH5,0.72
A0A176S087,0.48
A0A176VWX7,0.39
A0A176W403,0.43
A0A177KCZ7,0.55
A0A177KJI2,0.41
A0A177PLT9,0.69
A0A177QQK7,0.73
A0A177SBK6,0.57
A0A177SPK5,0.63
A0A177U1D7,0.37
A0A177U5F1,0.59
A0A177UD29,0.63
A0A177UNQ9,0.49
A0A177V065,0.53
A0A177VJ05,0.53
A0A177VZ95,0.55
A0A177W268,0.4
A0A177W608,0.5
A0A177WAX5,0.39
A0A177WKB6,0.48
A0A177WSU4,0.48
A0A177WYA0,0.31
A0A177XU52,0.57
A0A178A737,0.53
A0A178AI76,0.72
A0A178AP27,0.58
A0A178BPE4,0.61
A0A178CQP4,0.52
A0A178GEK0,0.44
A0A178J9E0,0.54
A0A178LJY1,0.65
A0A178VHM9,0.5
A0A178WJJ8,0.56
A0A178XJR4,0.64
A0A178ZBR9,0.49
A0A179B1R0,0.49
A0A179C6E8,0.47
A0A179EQP9,0.38
A0A179F0J8,0.61
A0A179IT93,0.74
A0A181CF54,0.64
A0A182EAI3,0.58
A0A182EFC7,0.51
A0A182RIQ7,0.5
A0A182WLZ2,0.57
A0A183GH97,0.68
A0A183HER4,0.45
A0A183KC06,0.53
A0A183L983,0.39
A0A183MGF2,0.66
A0A183MV00,0.5
A0A183N246,0.62
A0A183V6C0,0.38
A0A192CP62,0.69
A0A192IDI7,0.7
A0A192IJ03,0.48
A0A192IMZ9,0.52
A0A194V2C9,0.32
A0A194VKC5,0.46
A0A198GE52,0.59
A0A199AS59,0.59
A0A199NV31,0.6
A0A199NV32,0.5
A0A199Q2X9,0.5
A0A1A0LGA8,0.56
A0A1A0M129,0.64
A0A1A0TJQ4,0.79
A0A1A1YCW0,0.36
A0A1A2BKZ1,0.73
A0A1A2IUD3,0.55
A0A1A2ZLG6,0.52
A0A1A3FKJ5,0.49
A0A1A3KCJ2,0.66
A0A1A5X6U4,0.51
A0A1A6G4A2,0.74
A0A1A7BWE5,0.47
A0A1A7M2A4,0.51
A0A1A7QF03,0.72
A0A1A7UP23,0.75
A0A1A7WCZ1,0.72
A0A1A8C1C9,0.38
A0A1A8LSF4,0.64
A0A1A8M6R4,0.53
A0A1A8R3N8,0.61
A0A1A8WGR2,0.34
A0A1A8XV04,0.83
A0A1A8YMY1,0.4
A0A1A8Z2E8,0.69
A0A1A9J4S0,0.73
A0A1B0YKQ0,0.72
A0A1B1CN78,0.64
A0A1B1G0T9,0.53
A0A1B1L1D4,0.38
A0A1B1NTJ0,0.56
A0A1B1TWK4,0.72
A0A1B1UUN1,0.52
A0A1B1VDW1,0.49
A0A1B1YIG1,0.67
A0A1B1YKZ4,0.33
A0A1B1YNC2,PARSE_ERROR
A0A1B1Z3A7,0.7
A0A1B2DRD1,0.74
A0A1B2E9G2,0.57
A0A1B2N8P8,0.56
A0A1B2ZB15,0.32
A0A1B3PKQ7,0.76
A0A1B3XI59,0.54
A0A1B4Q3N2,0.53
A0A1B6C1X6,0.52
A0A1B6H7N6,0.66
A0A1B6IAH6,0.51
A0A1B6LQC5,0.52
A0A1B6MMR5,0.49
A0A1B7KSG2,0.27
A0A1B7SGH1,0.77
A0A1B8D8U4,0.49
A0A1B8Q7S9,0.57
A0A1B8T9C5,0.76
A0A1B8WI47,0.53
A0A1B8WL37,0.47
A0A1B8X0B8,0.44
A0A1B8YHE3,0.49
A0A1B9B5L4,0.58
A0A1B9BFJ4,0.44
A0A1B9BYC4,0.29
A0A1B9DKR8,0.73
A0A1B9FYJ2,0.48
A0A1B9GYQ3,0.6
A0A1B9HIY1,0.46
A0A1B9K5E5,0.66
A0A1B9PCJ7,0.53
A0A1B9RYT2,0.62
A0A1C0ABZ4,0.68
A0A1C0AD14,0.44
A0A1C0ADE3,0.56
A0A1C0APN8,0.71
A0A1C0XP85,0.67
A0A1C1C2V3,0.52
A0A1C1CTY6,0.31
A0A1C2D383,0.54
A0A1C2KCY3,0.56
A0A1C3E885,0.53
A0A1C3H6S1,0.57
A0A1C3JSU9,0.55
A0A1C3K7K0,0.48
A0A1C3NVW5,0.59
A0A1C3RD90,0.78
A0A1C3S7I9,0.48
A0A1C4FWE2,0.53
A0A1C4G4P3,0.76
A0A1C4LKY0,0.59
A0A1C4MSG1,0.5
A0A1C4PH93,0.56
A0A1C4S8P1,0.68
A0A1C4SUQ1,0.69
A0A1C5A326,0.55
A0A1C5G316,0.64
A0A1C5GUN4,0.55
A0A1C5JJM4,0.48
A0A1C5NF60,0.53
A0A1C5NGH6,0.46
A0A1C5P2S4,0.77
A0A1C5P7F9,0.46
A0A1C5P7Q7,0.58
A0A1C5Q4G0,0.66
A0A1C5R7E5,0.54
A0A1C5RBA7,0.75
A0A1C5RFV5,0.64
A0A1C5SFH1,0.5
A0A1C5T8Z4,0.51
A0A1C5UJ16,0.51
A0A1C5UJ41,0.65
A0A1C5UNJ7,0.71
A0A1C5UT70,0.58
A0A1C5V1W3,0.55
A0A1C5V6U8,0.58
A0A1C5VLS0,0.57
A0A1C5WEM5,0.47
A0A1C5WSG1,0.52
A0A1C5YZ31,0.52
A0A1C6A6P5,0.69
A0A1C6A922,0.52
A0A1C6AH08,0.51
A0A1C6C736,0.28
A0A1C6D163,0.45
A0A1C6DNF4,0.54
A0A1C6E0A2,0.64
A0A1C6EF32,0.57
A0A1C6EJH8,0.68
A0A1C6EUS0,0.56
A0A1C6EZF2,0.73
A0A1C6FLT9,0.72
A0A1C6G5D7,0.54
A0A1C6GPX7,0.76
A0A1C6H5M5,0.72
A0A1C6HHK9,0.44
A0A1C6I8U6,0.6
A0A1C6I930,0.74
A0A1C6JVQ8,0.5
A0A1C6JZ24,0.68
A0A1C6K5Q1,0.5
A0A1C6LHY6,0.41
A0A1C6LMV3,0.54
A0A1C6NKT4,0.36
A0A1C6NQL3,0.55
A0A1C6S9K5,0.54
A0A1C6V5H7,0.54
A0A1C6W5X8,0.54
A0A1C7GN34,0.68
A0A1C7GU69,0.76
A0A1C7M557,0.34
A0A1C7MIL9,0.69
A0A1C9WXV7,0.5
A0A1D1VF55,0.65
A0A1D1Z2Z6,0.67
A0A1D2A8Q2,0.57
A0A1D2JIP1,0.57
A0A1D2L398,0.69
A0A1D2R1G3,0.45
A0A1D2RD78,0.65
A0A1D2U2G7,0.52
A0A1D2UZB7,0.61
A0A1D2WH37,0.48
A0A1D2WS81,0.68
A0A1D2YUJ1,0.5
A0A1D3D195,0.43
A0A1D3IMX5,0.38
A0A1D5Q9R7,0.49
A0A1D5UEV5,0.68
A0A1D5ULI9,0.55
A0A1D6AF26,0.53
A0A1D6ALR7,0.52
A0A1D6CPS7,0.49
A0A1D6G359,0.45
A0A1D6HG15,0.55
A0A1D6IJU7,0.37
A0A1D6JVH7,0.57
A0A1D7TQQ8,0.67
A0A1D7W3G6,0.49
A0A1D8EXL9,0.54
A0A1D8JAM9,0.52
A0A1D8K9U2,0.49
A0A1D8Y5F6,0.5
A0A1D9ELT9,0.58
A0A1D9FK96,0.63
A0A1D9GZU0,0.35
A0A1D9MZ64,0.7
A0A1E1K0P4,0.49
A0A1E1KL03,0.49
A0A1E1LH99,0.6
A0A1E1LI32,0.45
A0A1E1MSE0,0.48
A0A1E1V858,0.58
A0A1E2UXH9,0.51
A0A1E2VAL0,0.68
A0A1E2W6L9,0.73
A0A1E2YE88,0.55
A0A1E3A2T5,0.71
A0A1E3AF55,0.39
A0A1E3BNJ9,0.62
A0A1E3ISF2,0.5
A0A1E3KCR1,0.59
A0A1E3KUM4,0.5
A0A1E3TAT9,0.49
A0A1E3U7C6,0.54
A0A1E3U8S7,0.46
A0A1E3UFT9,0.57
A0A1E3Z8V8,0.75
A0A1E4BGS6,0.63
A0A1E4CKX3,0.54
A0A1E4CUP0,0.63
A0A1E4E9N0,0.78
A0A1E4EPJ5,0.45
A0A1E4I3W4,0.82
A0A1E4J2X7,0.71
A0A1E4K284,0.66
A0A1E4L4P0,0.51
A0A1E4NQW5,0.58
A0A1E4NZL2,0.47
A0A1E4P0A6,0.61
A0A1E4P3U2,0.5
A0A1E5BGN4,0.53
A0A1E5FPD7,0.61
A0A1E5FVF3,0.66
A0A1E5G6J3,0.74
A0A1E5JN05,0.45
A0A1E5L8W6,0.39
A0A1E5NB97,0.48
A0A1E5RMM7,0.26
A0A1E5RPB1,0.55
A0A1E5RRI7,0.57
A0A1E5RYX2,0.31
A0A1E5WCV5,0.74
A0A1E7K619,0.6
A0A1E7KTZ8,0.53
A0A1E7NFY7,0.54
A0A1E7PVB7,0.65
A0A1E7R1M3,0.49
A0A1E7S0P3,0.53
A0A1E7WWR4,0.46
A0A1E7XTH2,0.7
A0A1E7Z506,0.78
A0A1E8REM4,0.58
A0A1E8S233,0.51
A0A1E8UFL4,0.69
A0A1E8YTX7,0.45
A0A1E9AEE6,0.62
A0A1E9C652,0.54
A0A1E9I8F1,0.7
A0A1E9JB29,0.61
A0A1F0D169,0.47
A0A1F0MLU1,0.43
A0A1F0MYZ6,0.73
A0A1F1AZ75,0.78
A0A1F1GKB6,0.5
A0A1F1J435,0.74
A0A1F1QV02,0.62
A0A1F1SC08,0.53
A0A1F1UQE0,0.67
A0A1F1V3N4,0.51
A0A1F1V6T6,0.48
A0A1F1WYR5,0.39
A0A1F2CWK9,0.54
A0A1F2K654,0.75
A0A1F2K938,0.61
A0A1F2R2N0,0.7
A0A1F2R3R3,0.51
A0A1F2XFX1,0.53
A0A1F3C9F0,0.55
A0A1F3EWW4,0.71
A0A1F3GKF2,0.51
A0A1F3K9Z2,0.39
A0A1F3LUS0,0.67
A0A1F3SJD8,0.56
A0A1F3WV63,0.61
A0A1F3X2U9,0.51
A0A1F3YR58,0.39
A0A1F4BPU4,0.5
A0A1F4BV46,PARSE_ERROR
A0A1F4C523,0.73
A0A1F4DAB6,0.71
A0A1F4DM28,0.71
A0A1F4H6N7,0.51
A0A1F4N1J8,0.56
A0A1F4V9B5,0.38
A0A1F4VMJ2,0.63
A0A1F4XEZ0,0.63
A0A1F5DNV0,0.64
A0A1F5G039,0.73
A0A1F5HFK2,0.53
A0A1F5HIX4,0.67
A0A1F5HQS9,0.6
A0A1F5HUN3,0.56
A0A1F5I1P4,0.78
A0A1F5L0U7,0.38
A0A1F5RAT3,0.69
A0A1F5RZV8,0.58
A0A1F5U1T6,0.54
A0A1F5WQ92,0.73
A0A1F5X514,0.51
A0A1F5ZML9,0.61
A0A1F6A384,0.49
A0A1F6AFU8,0.67
A0A1F6ATN4,0.68
A0A1F6DJ67,0.74
A0A1F6GCX7,0.59
A0A1F6HRT0,0.7
A0A1F6HT34,0.45
A0A1F6K631,0.59
A0A1F6KV23,0.51
A0A1F6LS15,0.58
A0A1F6M859,0.56
A0A1F6M868,0.69
A0A1F6NJI6,0.65
A0A1F6P1V9,0.69
A0A1F6PJN4,0.51
A0A1F6R9Q8,0.46
A0A1F6RCB7,0.64
A0A1F6RR29,0.59
A0A1F6TTH9,0.58
A0A1F6V392,0.74
A0A1F6XXY1,0.7
A0A1F6Z427,0.76
A0A1F6ZV89,0.75
A0A1F7D3M1,0.63
A0A1F7DQE7,0.44
A0A1F7H368,0.64
A0A1F7I3F4,0.58
A0A1F7LEF2,0.61
A0A1F7LZH3,0.56
A0A1F7MAV4,0.74
A0A1F7MZW0,0.55
A0A1F7NQ34,0.79
A0A1F7P7C1,0.69
A0A1F7Q6S2,0.73
A0A1F7R1P8,0.62
A0A1F7RW78,0.54
A0A1F7SC93,0.74
A0A1F7SWQ6,0.73
A0A1F7SWX0,0.65
A0A1F7UG04,0.74
A0A1F7UI85,0.46
A0A1F7ZZ14,0.39
A0A1F8B4K5,0.48
A0A1F8DXV7,0.75
A0A1F8F0B9,0.6
A0A1F8GM68,0.56
A0A1F8H9Q5,0.76
A0A1F8LE34,0.59
A0A1F8LVZ9,0.45
A0A1F8R804,0.75
A0A1F8SSI4,0.62
A0A1F8WWY4,0.52
A0A1F8XQX6,0.56
A0A1F9CDP7,0.58
A0A1F9DSS0,0.54
A0A1F9H8I9,0.7
A0A1F9I1W5,0.64
A0A1F9I3P2,0.46
A0A1F9JDT7,0.74
A0A1F9KL72,0.58
A0A1F9KPC9,0.59
A0A1F9MZ55,0.52
A0A1F9N726,0.56
A0A1F9PN06,0.61
A0A1F9PS09,0.57
A0A1F9Q0Q0,0.45
A0A1F9S106,0.55
A0A1F9S1M2,0.56
A0A1F9S454,0.48
A0A1F9SYJ5,0.48
A0A1F9TVN7,0.43
A0A1F9WTY0,0.63
A0A1F9Y1D2,0.49
A0A1F9YU68,0.74
A0A1G0D557,0.71
A0A1G0DQJ6,0.42
A0A1G0FDN3,0.55
A0A1G0HPY6,0.55
A0A1G0I3P6,0.56
A0A1G0IEA9,0.62
A0A1G0M3X3,0.41
A0A1G0NGE7,0.59
A0A1G0P2U5,0.54
A0A1G0QS13,0.8
A0A1G0QWD1,0.42
A0A1G0VFC2,0.51
A0A1G0YF78,0.56
A0A1G0ZKW5,0.65
A0A1G1BC10,0.73
A0A1G1EXG8,0.69
A0A1G1HNW2,0.49
A0A1G1HW18,0.58
A0A1G1J7M3,0.71
A0A1G1JZ39,0.59
A0A1G1KAB7,0.55
A0A1G1KRB1,0.56
A0A1G1L7U8,0.71
A0A1G1LU95,0.76
A0A1G1NN54,0.71
A0A1G1Q2F3,0.57
A0A1G1Q4L5,0.56
A0A1G1SPT8,0.79
A0A1G1SUJ7,0.58
A0A1G1T6E1,0.67
A0A1G1W607,0.54
A0A1G1W777,0.55
A0A1G1WMA8,0.5
A0A1G1WPS1,0.5
A0A1G1Z113,0.47
A0A1G1ZC26,0.55
A0A1G1ZKZ0,0.57
A0A1G1ZWX2,0.56
A0A1G2A2F3,0.65
A0A1G2B2D7,0.5
A0A1G2BTU9,0.42
A0A1G2DLP3,0.52
A0A1G2EYY3,0.64
A0A1G2FJP9,0.59
A0A1G2KWB7,0.62
A0A1G2PQW8,0.61
A0A1G2Q4Y4,0.74
A0A1G2QFB0,0.5
A0A1G2QKJ4,0.59
A0A1G2QWC0,0.74
A0A1G2RJW9,0.59
A0A1G2UVN2,PARSE_ERROR
A0A1G2X1X5,0.58
A0A1G3BD71,0.47
A0A1G3CFH4,0.58
A0A1G3D8A5,0.64
A0A1G3FTQ4,0.73
A0A1G3M7W0,0.65
A0A1G3SVS3,0.73
A0A1G3UPZ6,0.61
A0A1G3XY20,0.41
A0A1G3YAR1,0.53
A0A1G3YB08,0.56
A0A1G4BM34,0.68
A0A1G4FKA4,0.48
A0A1G4I1M3,0.58
A0A1G4IGJ9,0.47
A0A1G4MBW2,0.55
A0A1G4T3F0,0.46
A0A1G5AKU0,0.56
A0A1G5GY22,0.51
A0A1G5NUP6,0.54
A0A1G5STV5,0.54
A0A1G5Z4R5,0.61
A0A1G6HLN6,0.73
A0A1G6I1I4,0.59
A0A1G6J0F7,0.54
A0A1G6KNJ4,0.8
A0A1G6MFP3,0.64
A0A1G6MHD8,0.61
A0A1G6NVF2,PARSE_ERROR
A0A1G6PGC5,0.52
A0A1G6PYS3,0.69
A0A1G6SBC6,0.69
A0A1G6T8Z1,0.57
A0A1G6TRS1,0.52
A0A1G7BXZ9,0.54
A0A1G7C2C5,0.75
A0A1G7FZ93,0.58
A0A1G7IF38,0.72
A0A1G7JCP7,0.38
A0A1G7MBA1,0.61
A0A1G7N6J7,0.46
A0A1G7NXI4,0.47
A0A1G7PKI6,0.55
A0A1G7PZ72,0.75
A0A1G7U1T2,0.73
A0A1G7V469,0.58
A0A1G7W4D6,0.73
A0A1G7YAW7,0.59
A0A1G8CFH3,0.67
A0A1G8CRL3,0.56
A0A1G8E5Y7,0.75
A0A1G8HJ12,0.75
A0A1G8IB72,0.36
A0A1G8IL20,0.52
A0A1G8M1K7,0.58
A0A1G8SB50,0.52
A0A1G8WV72,0.52
A0A1G8ZU97,0.58
A0A1G9D7T6,0.57
A0A1G9J8B0,0.75
A0A1G9M6E8,0.57
A0A1G9ZMC5,0.47
A0A1H0BG08,0.62
A0A1H0CSC7,0.72
A0A1H0ES55,0.49
A0A1H0Q371,0.51
A0A1H0QCK4,0.61
A0A1H0SJK8,0.53
A0A1H0UIF8,0.54
A0A1H0VR35,0.55
A0A1H0XC47,0.69
A0A1H1DVN5,0.57
A0A1H1FJG8,0.5
A0A1H1I5H8,0.74
A0A1H1IGQ8,0.55
A0A1H1IZ53,0.75
A0A1H1JHF2,0.78
A0A1H1K583,0.6
A0A1H1T1C8,0.58
A0A1H1UI43,0.73
A0A1H1XVQ1,0.64
A0A1H2C3R2,0.75
A0A1H2ESQ0,0.54
A0A1H2KJI8,0.62
A0A1H2SLF0,0.56
A0A1H2T8N6,0.49
A0A1H2V8P5,0.72
A0A1H2VUL7,0.67
A0A1H2WGU7,0.51
A0A1H2Z358,0.72
A0A1H2ZN58,0.56
A0A1H3BLN1,0.72
A0A1H3BYK5,0.54
A0A1H3EKJ6,0.62
A0A1H3ELP2,0.58
A0A1H3HTJ0,0.61
A0A1H3J0K6,0.67
A0A1H3N389,0.55
A0A1H3PV05,0.66
A0A1H3V2L8,0.58
A0A1H3X2C7,0.61
A0A1H3X9F4,0.7
A0A1H3Y4L6,0.7
A0A1H3Y8L3,0.64
A0A1H3YFW9,0.73
A0A1H4ADY1,0.5
A0A1H4AT04,0.58
A0A1H4FVU7,0.43
A0A1H4GW24,0.68
A0A1H4P406,PARSE_ERROR
A0A1H4P5V5,0.66
A0A1H4PY06,0.46
A0A1H4SHU3,0.44
A0A1H4X8I5,0.45
A0A1H5M4Z1,0.45
A0A1H5MES6,0.43
A0A1H5VPV5,0.52
A0A1H6AGI4,0.71
A0A1H6AU33,0.6
A0A1H6CFA6,0.51
A0A1H6D1B9,0.69
A0A1H6DRI3,0.65
A0A1H6G878,0.49
A0A1H6GYC0,PARSE_ERROR
A0A1H6H0H0,0.77
A0A1H6PB97,0.76
A0A1H6PV26,0.45
A0A1H6RAU5,0.5
A0A1H6ZZ58,0.57
A0A1H7AKJ7,0.48
A0A1H7DRZ3,0.57
A0A1H7EZD6,0.54
A0A1H7HTD1,0.42
A0A1H7M8V1,0.41
A0A1H7MWA9,0.44
A0A1H7QQJ3,0.52
A0A1H7SQK9,0.59
A0A1H7WGX9,0.48
A0A1H7XFY5,0.57
A0A1H7XTZ1,0.5
A0A1H7XYB1,0.35
A0A1H8AY26,0.49
A0A1H8BNL8,0.79
A0A1H8CAZ3,0.53
A0A1H8KBB7,0.61
A0A1H8PGG4,0.69
A0A1H8Q8S0,0.7
A0A1H8TRK6,0.6
A0A1H8X7K2,0.55
A0A1H8X8R1,0.57
A0A1H8ZC11,0.51
A0A1H9A140,0.71
A0A1H9E784,0.64
A0A1H9FRF6,0.73
A0A1H9GVV6,0.55
A0A1H9HZ21,0.74
A0A1H9JWH9,0.55
A0A1H9LD60,0.6
A0A1H9RYI1,PARSE_ERROR
A0A1H9UFK7,0.52
A0A1H9VLI4,0.33
A0A1H9YPL4,0.48
A0A1H9ZP49,0.59
A0A1I0BCE0,0.71
A0A1I0LBM4,0.48
A0A1I0LET7,0.42
A0A1I0NFK8,0.41
A0A1I0PWB3,0.72
A0A1I0Q8L3,0.48
A0A1I0RG80,0.51
A0A1I0YLW4,0.63
A0A1I1B492,0.67
A0A1I1GEZ3,0.72
A0A1I1KNB4,0.65
A0A1I1M2B9,0.56
A0A1I1NK64,0.74
A0A1I1RN21,0.58
A0A1I1TUF1,0.56
A0A1I1UA97,0.58
A0A1I2DGR9,PARSE_ERROR
A0A1I2HGL0,0.55
A0A1I2HIX3,0.53
A0A1I2LFT3,0.62
A0A1I3J3J3,0.68
A0A1I3PLS0,0.55
A0A1I3RM25,0.72
A0A1I3RRD1,0.54
A0A1I3SJS9,0.57
A0A1I3TDZ5,0.74
A0A1I3V2S8,0.46
A0A1I3XB32,0.68
A0A1I3YL43,0.75
A0A1I3ZK32,0.54
A0A1I3ZXY3,0.48
A0A1I4AXH7,0.6
A0A1I4SWH0,0.7
A0A1I4WCU9,0.51
A0A1I5BDQ7,0.56
A0A1I5C885,0.52
A0A1I5GL69,0.51
A0A1I5H0T4,0.72
A0A1I5RC84,0.55
A0A1I5RIZ6,0.62
A0A1I5S143,0.6
A0A1I5TF46,0.31
A0A1I5VFC8,0.58
A0A1I5X2Q7,0.65
A0A1I6JX41,0.6
A0A1I6K5S7,0.57
A0A1I6M4F4,0.78
A0A1I6NYF9,0.46
A0A1I6PF98,0.5
A0A1I6PN12,0.63
A0A1I6STD0,0.59
A0A1I7C585,0.77
A0A1I7CJD4,0.78
A0A1I7DQA5,0.49
A0A1I7EVX5,0.52
A0A1I7H4S5,0.72
A0A1I7LVT0,0.47
A0A1I7VWG6,0.48
A0A1I7XIP3,0.64
A0A1I7YK44,0.45
A0A1I8CN01,0.52
A0A1I8FDE9,0.43
A0A1I8FSZ6,0.58
A0A1I8GZD2,0.42
A0A1I8H0H2,0.63
A0A1I8HNW3,0.5
A0A1I8ICU0,0.3
A0A1I8IZX1,0.5
A0A1I9Y9T9,0.59
A0A1J0A543,0.73
A0A1J0KG93,0.53
A0A1J0R8G9,0.52
A0A1J0RAM4,0.36
A0A1J0U1H6,0.67
A0A1J0Z3F0,0.41
A0A1J1CY24,0.64
A0A1J1DSR9,0.59
A0A1J3CUB5,0.73
A0A1J3DFV4,0.72
A0A1J4JKT6,0.41
A0A1J4LXG1,0.45
A0A1J4LZ70,0.63
A0A1J4QEY0,0.54
A0A1J4RGY3,0.69
A0A1J4RX95,0.49
A0A1J4S129,0.52
A0A1J4S224,0.74
A0A1J4S5Z5,0.48
A0A1J4TLM4,0.77
A0A1J4U164,0.64
A0A1J4WHC7,0.67
A0A1J4X805,0.7
A0A1J4XQ57,0.42
A0A1J4Z098,0.58
A0A1J4Z8R6,0.51
A0A1J5BPM7,0.52
A0A1J5C2U7,0.5
A0A1J5CV35,0.77
A0A1J5DD23,0.56
A0A1J5DM61,0.54
A0A1J5DMY8,0.71
A0A1J5DTK8,0.46
A0A1J5EDQ8,0.52
A0A1J5FIK4,0.79
A0A1J5H853,0.59
A0A1J5H9K9,0.76
A0A1J5HCX4,0.72
A0A1J5IJW3,0.46
A0A1J5J7C7,0.37
A0A1J5QVI7,0.64
A0A1J6EKM6,0.49
A0A1J6W2Z5,0.71
A0A1J6WUQ1,0.44
A0A1K0GWP0,0.59
A0A1K1KRJ6,0.57
A0A1K1MQX1,0.56
A0A1K1W439,0.43
A0A1K2EWA1,0.47
A0A1L0D3D2,0.52
A0A1L0FIP1,0.49
A0A1L2Z0D4,0.68
A0A1L3IET2,0.49
A0A1L3IGC5,0.63
A0A1L3ILX8,0.41
A0A1L3KE80,0.53
A0A1L3RA12,0.59
A0A1L3RIT1,0.54
A0A1L3S041,0.61
A0A1L4BKQ4,0.47
A0A1L5F798,0.58
A0A1L6D179,0.62
A0A1L6K9F9,0.45
A0A1L6KCK0,0.57
A0A1L6LXK6,0.75
A0A1L7E9H8,0.45
A0A1L7MZA8,0.63
A0A1L7VB26,0.52
A0A1L7WVM2,0.46
A0A1L7XEU6,0.48
A0A1L8CS30,0.46
A0A1L8CW65,0.67
A0A1L8DT31,0.54
A0A1L8E0D3,0.46
A0A1L8HYU0,0.59
A0A1L8U011,0.71
A0A1L8Y619,0.71
A0A1L9PCX2,0.5
A0A1L9QKG2,0.71
A0A1L9R5Y9,0.55
A0A1L9RH62,0.54
A0A1L9VBN0,0.59
A0A1L9WF47,0.58
A0A1M3C6E2,0.59
A0A1M3DKL4,0.46
A0A1M3E2U3,0.73
A0A1M3GJK0,0.63
A0A1M3I8M2,0.51
A0A1M3KE56,0.79
A0A1M3L6C9,0.56
A0A1M3L7A9,0.54
A0A1M3LD41,0.6
A0A1M3P623,0.49
A0A1M3TH11,0.43
A0A1M4M3P6,0.59
A0A1M4RXF1,0.49
A0A1M4RXR4,0.44
A0A1M4V1M4,0.46
A0A1M4VGA8,0.46
A0A1M4W194,0.42
A0A1M4ZVI2,0.46
A0A1M5ETD5,0.74
A0A1M5G7B3,0.72
A0A1M5IJ91,0.68
A0A1M5KK00,0.68
A0A1M5LEN4,0.74
A0A1M5LQI3,0.55
A0A1M5PHZ0,0.45
A0A1M5T8W7,0.73
A0A1M5TEL6,0.73
A0A1M5YKH6,0.47
A0A1M6B090,0.48
A0A1M6BXM8,0.57
A0A1M6E4R2,0.48
A0A1M6LE83,0.47
A0A1M6QRB3,0.62
A0A1M6RNA8,0.6
A0A1M6T5S8,0.6
A0A1M6X1Z3,0.53
A0A1M6XGF3,0.54
A0A1M6ZCT1,0.49
A0A1M7CXM3,0.63
A0A1M7FFX4,0.49
A0A1M7GD01,0.45
A0A1M7I489,0.51
A0A1M7LXZ8,0.6
A0A1M7M955,0.59
A0A1M7SEF9,0.48
A0A1M7TE51,0.55
A0A1M8XY20,0.49
A0A1M9I1A1,0.52
A0A1N5VNV7,0.71
A0A1N5Z2U9,0.65
A0A1N6GPH5,0.73
A0A1N6KJ40,0.47
A0A1N6KTF6,0.63
A0A1N6L9P7,0.55
A0A1N6LY57,0.41
A0A1N6S890,0.49
A0A1N6UNB1,0.42
A0A1N6X384,0.66
A0A1N6XXL2,0.68
A0A1N6Z0F6,PARSE_ERROR
A0A1N7C631,0.57
A0A1N7F3D2,0.45
A0A1N7FMR2,0.6
A0A1N7IRF3,0.66
A0A1N7J9A1,0.58
A0A1N7L506,0.5
A0A1N7LNA4,0.44
A0A1N7PBW3,0.62
A0A1P8EBV6,0.57
A0A1P8FA40,0.37
A0A1P8KLT3,0.65
A0A1P8PRT8,0.55
A0A1P8U796,0.59
A0A1P8UKK6,0.56
A0A1P8UQ89,0.51
A0A1P8VS18,0.42
A0A1P8XL06,0.78
A0A1Q2LHV2,0.73
A0A1Q2M3X3,0.71
A0A1Q2TZI8,0.8
A0A1Q3A3L6,0.66
A0A1Q3AEB1,0.49
A0A1Q3E8Q7,0.5
A0A1Q3K916,0.58
A0A1Q3LMN6,0.52
A0A1Q3R244,0.75
A0A1Q4FPA5,0.45
A0A1Q4GJU5,0.53
A0A1Q4GPF3,0.53
A0A1Q4K437,0.47
A0A1Q4TGA6,0.54
A0A1Q4UVL2,0.63
A0A1Q5F3T5,0.74
A0A1Q5HUC7,0.68
A0A1Q5IZW6,0.73
A0A1Q5P8H8,0.64
A0A1Q5PIS7,0.65
A0A1Q5SRT9,0.81
A0A1Q5TGA6,0.44
A0A1Q5XKH1,0.49
A0A1Q5XUJ6,0.72
A0A1Q5XV03,0.43
A0A1Q6ELX7,0.45
A0A1Q6I3L5,0.35
A0A1Q6IFI4,0.41
A0A1Q6IN61,0.48
A0A1Q6ITX3,0.63
A0A1Q6IVA0,0.63
A0A1Q6KEQ5,0.61
A0A1Q6M9K0,0.51
A0A1Q6MC80,0.51
A0A1Q6MZI2,0.42
A0A1Q6N2C7,0.62
A0A1Q6NFA9,0.47
A0A1Q6NFI7,0.75
A0A1Q6NPY3,0.73
A0A1Q6NRI9,0.53
A0A1Q6PWM1,0.73
A0A1Q6RAV1,0.62
A0A1Q6RB11,0.69
A0A1Q6U646,0.7
A0A1Q6UCI8,0.52
A0A1Q6UJ20,0.52
A0A1Q6WUI4,0.72
A0A1Q6XBL6,0.7
A0A1Q6Y3C7,0.66
A0A1Q6Z603,0.56
A0A1Q6Z7Z4,0.55
A0A1Q6ZPA0,0.45
A0A1Q6ZWV9,0.59
A0A1Q6ZYQ7,0.66
A0A1Q7ATQ2,0.52
A0A1Q7CC40,0.7
A0A1Q7E905,0.53
A0A1Q7EG98,0.6
A0A1Q7F0C2,0.72
A0A1Q7FFM5,0.79
A0A1Q7FH15,0.49
A0A1Q7FKJ6,0.61
A0A1Q7G2C4,0.74
A0A1Q7HH08,0.8
A0A1Q7IE11,0.47
A0A1Q7K837,0.59
A0A1Q7K930,0.54
A0A1Q7M7H9,0.62
A0A1Q7P2C4,0.49
A0A1Q7PZ86,0.56
A0A1Q7Q0U0,0.75
A0A1Q7QMQ4,0.43
A0A1Q7QWP9,0.67
A0A1Q7RAK8,0.52
A0A1Q7RMK6,0.69
A0A1Q7T4A1,0.45
A0A1Q7UKJ5,0.62
A0A1Q7UMM2,0.72
A0A1Q7UMM3,0.71
A0A1Q7VFK9,0.6
A0A1Q7VZ69,0.79
A0A1Q7W6P8,0.53
A0A1Q7WJN3,0.59
A0A1Q7WLS9,0.45
A0A1Q7WQ30,0.5
A0A1Q7X745,0.63
A0A1Q7XWI8,0.5
A0A1Q7YSX7,0.76
A0A1Q7Z6L6,0.57
A0A1Q7ZZZ9,0.57
A0A1Q8ALP2,0.62
A0A1Q8ARM2,0.54
A0A1Q8B060,0.75
A0A1Q8BBP3,0.64
A0A1Q8JYC6,0.36
A0A1Q8JZL5,0.58
A0A1Q8KHX1,0.62
A0A1Q8KKK8,0.48
A0A1Q8LIN4,0.74
A0A1Q8LR83,0.55
A0A1Q8QG40,0.47
A0A1Q8QYS1,0.42
A0A1Q8VJS5,0.8
A0A1Q8VKW9,0.56
A0A1Q8ZZI2,0.56
A0A1Q9J5R7,0.71
A0A1Q9MQ19,0.71
A0A1Q9QQ22,0.51
A0A1Q9RUA5,0.66
A0A1Q9UEQ8,0.51
A0A1Q9UKF9,0.41
A0A1Q9UN92,0.67
A0A1Q9YMZ1,0.58
A0A1Q9YNH0,PARSE_ERROR
A0A1R0GX53,0.4
A0A1R0IL35,0.61
A0A1R0ITB6,0.55
A0A1R0Z2L5,0.47
A0A1R1A558,0.51
A0A1R1AU85,0.5
A0A1R1DAK0,0.67
A0A1R1DUX3,0.4
A0A1R1FFA3,0.69
A0A1R1H2I9,0.56
A0A1R1SGT2,0.73
A0A1R1XDU2,0.55
A0A1R1Y331,0.57
A0A1R1YSG0,0.46
A0A1R2AVM5,0.5
A0A1R2AYQ4,0.43
A0A1R2B4W2,0.48
A0A1R2BEU4,0.3
A0A1R2BI52,0.36
A0A1R2CEV7,0.41
A0A1R2CJZ1,0.49
A0A1R3L0Q0,0.65
A0A1R3VEE8,0.39
A0A1R4J018,0.61
A0A1R4JCZ6,0.57
A0A1R4KY50,0.58
A0A1R4LTT6,0.49
A0A1S0X0G2,0.48
A0A1S1EHR7,0.71
A0A1S1ERA7,0.69
A0A1S1GGE4,0.63
A0A1S1GV30,0.7
A0A1S1Y3S0,0.54
A0A1S2AJM3,0.73
A0A1S2KL62,0.5
A0A1S2LIG1,0.66
A0A1S2N845,0.54
A0A1S2W2B3,0.63
A0A1S2XXB4,0.73
A0A1S3DJD5,0.51
A0A1S3F4C3,0.51
A0A1S3GMG8,0.43
A0A1S3I5A8,0.52
A0A1S3J9D0,0.55
A0A1S3P578,0.52
A0A1S3QT46,0.55
A0A1S4FZD2,0.52
A0A1S6GAV5,0.43
A0A1S6TWX0,PARSE_ERROR
A0A1S7FVU3,0.49
A0A1S7H8S3,0.48
A0A1S7MZ54,0.53
A0A1S7N9L3,0.52
A0A1S8CNF8,0.47
A0A1S8DDR2,0.61
A0A1S8L1Y3,0.39
A0A1S8L7L3,0.81
A0A1S8L864,0.56
A0A1S8L8F1,0.73
A0A1S8LJE9,0.48
A0A1S8LKB8,0.43
A0A1S8NCR6,0.75
A0A1S8NW75,0.69
A0A1S8QNM9,0.74
A0A1S8RB45,0.51
A0A1S8WL05,0.73
A0A1S8X825,0.51
A0A1S9CRZ7,0.72
A0A1S9E1C3,0.4
A0A1T1CDH5,0.5
A0A1T1HD29,0.52
A0A1T1HQ80,0.47
A0A1T2X4T6,0.46
A0A1T3CM14,0.6
A0A1T3KWX0,0.54
A0A1T4J879,0.64
A0A1T4J9M5,0.36
A0A1T4K2B0,0.51
A0A1T4K3M2,0.68
A0A1T4RYG0,0.58
A0A1T4SCG9,0.56
A0A1T4WMH7,0.36
A0A1T5FDH9,0.66
A0A1T5I826,0.7
A0A1T9CIY6,0.5
A0A1U1CDD4,0.5
A0A1U1NPY4,0.56
A0A1U1QBF3,0.56
A0A1U5RK40,0.43
A0A1U6RSY5,0.64
A0A1U7L6V5,0.71
A0A1U7LD68,0.51
A0A1U7MZJ5,0.45
A0A1U7NGE3,0.44
A0A1U7RQ36,0.51
A0A1U7V2Y6,0.57
A0A1U7WZT5,0.49
A0A1U7XVE1,0.45
A0A1U7Y7Q3,0.6
A0A1U7YFY9,0.54
A0A1U7YMX0,0.56
A0A1U8C6F3,0.45
A0A1U8J177,0.64
A0A1U8K3W1,0.49
A0A1U8P583,0.64
A0A1U8QLV8,0.49
A0A1U9LJM9,0.53
A0A1U9NQJ6,0.5
A0A1U9PNV0,0.49
A0A1V0E795,0.61
A0A1V0FJM2,0.48
A0A1V0I487,0.44
A0A1V0L229,0.77
A0A1V0LQR3,0.71
A0A1V0N240,0.52
A0A1V0QF82,0.47
A0A1V0QTW5,0.79
A0A1V0S898,0.49
A0A1V0SB34,0.44
A0A1V0SLC4,0.7
A0A1V0V8H9,0.53
A0A1V2C1N9,0.48
A0A1V2C8B4,0.61
A0A1V2DUP5,0.5
A0A1V2I0T5,0.42
A0A1V2M993,0.73
A0A1V2NAW6,0.53
A0A1V2P0F0,0.66
A0A1V2UU57,0.47
A0A1V2ZG54,0.44
A0A1V3CQ23,0.52
A0A1V3H5F9,0.51
A0A1V3XHR2,0.56
A0A1V4CIG6,0.54
A0A1V4ERT0,0.57
A0A1V4EU57,0.57
A0A1V4GZY1,0.65
A0A1V4JQC5,0.4
A0A1V4M0V4,0.59
A0A1V4R9V2,0.7
A0A1V4VCV6,0.71
A0A1V4XS15,0.35
A0A1V4Y664,0.48
A0A1V5AVT4,0.63
A0A1V5BAY7,0.62
A0A1V5C5G2,0.61
A0A1V5CYB0,0.53
A0A1V5FG33,0.58
A0A1V5FU75,0.64
A0A1V5GWG4,0.65
A0A1V5J5U6,0.64
A0A1V5PF02,0.77
A0A1V5W3S9,0.82
A0A1V5Z8C4,0.54
A0A1V6B528,0.59
A0A1V6D262,0.68
A0A1V6ERC3,0.72
A0A1V6F388,0.64
A0A1V6F9N2,0.74
A0A1V6IPX8,0.48
A0A1V6K602,0.42
A0A1V6MQN7,0.53
A0A1V6N6Y6,0.68
A0A1V6R0C1,0.64
A0A1V6R0D5,0.46
A0A1V6R3L6,0.31
A0A1V8SZ43,0.55
A0A1V8TA07,0.48
A0A1V8UD21,0.69
A0A1V8UNM4,0.35
A0A1V8V9W3,0.64
A0A1V9AZG4,0.67
A0A1V9BBM9,0.54
A0A1V9F0W2,0.79
A0A1V9I7L8,0.66
A0A1V9T2K3,0.45
A0A1W0YN62,0.46
A0A1W1IX25,0.58
A0A1W1VNC4,0.62
A0A1W1WDS8,0.54
A0A1W2F6L0,0.19
A0A1W2G124,0.4
A0A1W2G3D7,0.55
A0A1W4WR00,0.49
A0A1W5B1F8,0.62
A0A1W5B4R5,0.46
A0A1W5CPD1,0.51
A0A1W5LD24,0.51
A0A1W5ZZ38,0.62
A0A1W6BN81,0.63
A0A1W6FU27,0.55
A0A1W6SKS8,0.49
A0A1W9GGE6,0.66
A0A1W9KCC8,0.57
A0A1W9N582,0.6
A0A1W9PKK6,0.62
A0A1W9QQ95,0.61
A0A1W9QWM9,0.61
A0A1W9WZM9,0.48
A0A1W9Y9T5,0.56
A0A1X0FMM7,0.54
A0A1X0GUY8,0.59
A0A1X0IX52,0.58
A0A1X0QU75,0.41
A0A1X0R363,0.58
A0A1X0TEJ8,0.68
A0A1X0TJF9,0.54
A0A1X0UDH8,0.48
A0A1X0V085,0.6
A0A1X0VW95,0.6
A0A1X0XN98,0.44
A0A1X1AM21,0.65
A0A1X1BEW0,0.74
A0A1X1J043,0.38
A0A1X1NCE9,0.6
A0A1X1Q4P9,0.47
A0A1X1UU73,0.65
A0A1X2AHW0,0.48
A0A1X2LME2,0.53
A0A1X4XXV2,0.76
A0A1X6MQZ4,0.46
A0A1X6MTY4,0.56
A0A1X6QQW0,0.6
A0A1X6QRL8,0.46
A0A1X6VX00,0.55
A0A1X6X1X4,0.49
A0A1X6ZX64,0.56
A0A1X7A269,0.67
A0A1X7AIR5,0.49
A0A1X7CZ84,0.75
A0A1X7DC07,0.56
A0A1X7P261,0.45
A0A1X7RPV4,0.48
A0A1X7S1R7,0.52
A0A1X7S7C2,0.37
A0A1X7VJ12,0.28
A0A1X8W7T6,0.64
A0A1X9HCI0,0.56
A0A1X9M640,0.55
A0A1X9T580,0.73
A0A1X9U0R3,0.49
A0A1Y0HEZ0,0.5
A0A1Y0RLN9,0.68
A0A1Y0RT15,0.67
A0A1Y0WUP7,0.53
A0A1Y1QPS2,0.68
A0A1Y1S340,0.46
A0A1Y1S5U9,0.44
A0A1Y1VGP8,0.47
A0A1Y1VZ72,0.4
A0A1Y1WP45,0.35
A0A1Y1Z5M6,0.46
A0A1Y2EXD8,0.41
A0A1Y2FX60,0.53
A0A1Y2HLW6,0.47
A0A1Y2L978,0.73
A0A1Y2NVA2,0.5
A0A1Y2NY69,0.57
A0A1Y2U089,0.4
A0A1Y3E8Q9,0.74
A0A1Y3EC66,0.48
A0A1Y3MM22,0.7
A0A1Y3MZS5,0.67
A0A1Y3N7B7,0.4
A0A1Y3NMS3,0.45
A0A1Y3QHQ2,0.7
A0A1Y3QWA4,0.72
A0A1Y3RK29,0.53
A0A1Y3S323,0.84
A0A1Y3SAX5,0.63
A0A1Y3TXI4,0.52
A0A1Y3WVA6,0.57
A0A1Y3X168,0.48
A0A1Y3X235,0.35
A0A1Y3X3E0,0.57
A0A1Y3XDF4,0.52
A0A1Y3XP08,0.49
A0A1Y3YLB1,0.71
A0A1Y3ZDY4,0.49
A0A1Y3ZQ28,0.65
A0A1Y4DY71,PARSE_ERROR
A0A1Y4G6S7,0.23
A0A1Y4JIU0,0.7
A0A1Y4LK20,0.45
A0A1Y4LR41,0.54
A0A1Y4RR35,0.68
A0A1Y4RUF0,0.72
A0A1Y4S1Z9,PARSE_ERROR
A0A1Y4T5X4,0.73
A0A1Y4TBT4,0.63
A0A1Y4WW63,0.59
A0A1Y5D4S4,0.56
A0A1Y5I135,0.65
A0A1Y5I5K1,0.54
A0A1Y5JQG5,0.5
A0A1Y5NAJ1,0.47
A0A1Y5RQI7,0.61
A0A1Y6EF73,0.58
A0A1Y6KAK1,0.5
A0A1Y6LIL5,0.47
A0A1Y6MIP3,0.51
A0A1Z1WPD8,0.49
A0A1Z2XLS9,0.54
A0A1Z2XRM2,0.53
A0A1Z3HE22,0.59
A0A1Z3HQB8,0.67
A0A1Z3LML9,0.52
A0A1Z3LPS7,0.49
A0A1Z4IZC8,0.47
A0A1Z4KID8,0.58
A0A1Z4M3Q1,0.53
A0A1Z4M7Q8,0.6
A0A1Z4SID3,0.55
A0A1Z4SWY6,0.75
A0A1Z4TCC8,0.5
A0A1Z4UXF5,0.58
A0A1Z5HPQ6,0.75
A0A1Z5ID07,0.54
A0A1Z5JF18,0.56
A0A1Z5JHE4,0.49
A0A1Z5JZ83,0.5
A0A1Z8B621,0.4
A0A1Z8JM75,0.58
A0A1Z8L0X4,0.53
A0A1Z8LBG4,0.58
A0A1Z8MZV9,0.5
A0A1Z8QC66,0.6
A0A1Z8U6R5,0.41
A0A1Z8UAQ9,0.65
A0A1Z8UBD8,0.59
A0A1Z8UKS1,0.61
A0A1Z8UT79,0.7
A0A1Z8UZ28,0.57
A0A1Z8V9K9,0.53
A0A1Z8WLX5,0.47
A0A1Z8X0S9,0.73
A0A1Z8XBI4,0.53
A0A1Z8XLN1,0.73
A0A1Z8XRV4,0.69
A0A1Z8Y0F1,0.54
A0A1Z8Y7G9,0.46
A0A1Z8YB24,0.74
A0A1Z8ZCW4,0.68
A0A1Z9ANZ8,0.57
A0A1Z9BIS6,0.66
A0A1Z9BJ87,0.61
A0A1Z9BN87,0.7
A0A1Z9D1H7,0.67
A0A1Z9DGP2,0.41
A0A1Z9EME6,0.52
A0A1Z9F947,0.5
A0A1Z9FPI4,0.74
A0A1Z9IZG4,0.63
A0A1Z9JVZ8,0.7
A0A1Z9K378,0.74
A0A1Z9K3W6,0.71
A0A1Z9KHC6,0.49
A0A1Z9KJY5,0.52
A0A1Z9KUJ0,0.5
A0A1Z9L755,0.75
A0A1Z9MV79,0.74
A0A1Z9NVY8,0.69
A0A1Z9QAX8,0.73
A0A1Z9RUW6,0.64
A0A1Z9RW93,0.5
A0A1Z9S4Z2,0.53
A0A1Z9S6U1,0.44
A0A1Z9SZV7,0.63
A0A1Z9T641,0.58
A0A1Z9TBA0,0.4
A0A1Z9UQK0,0.42
A0A1Z9VJR9,0.71
A0A1Z9VRT9,0.76
A0A1Z9WM24,0.72
A0A1Z9WM55,0.55
A0A1Z9XYE6,0.49
A0A1Z9Y9I5,0.49
A0A1Z9YLA0,0.62
A0A1Z9Z308,0.53
A0A1Z9Z359,0.62
A0A200QCD8,0.6
A0A205JHW7,0.73
A0A208XTI1,0.7
A0A211Z5V7,0.58
A0A212AFA5,0.59
A0A212CLG5,0.63
A0A212D4Y6,0.51
A0A212DP80,0.54
A0A212DTW9,0.7
A0A212L306,0.46
A0A212LIW1,0.68
A0A212MEC4,0.51
A0A212SJV3,0.76
A0A212U3W2,0.6
A0A218KS14,0.63
A0A218L3W8,0.5
A0A218LWW9,0.65
A0A218P0F3,0.59
A0A218XDZ2,0.42
A0A218Z0V8,0.54
A0A218ZME1,0.74
A0A220MIY8,0.59
A0A220NKQ6,0.62
A0A221K6V0,0.52
A0A221MHA1,0.59
A0A222LF93,0.52
A0A222P803,0.63
A0A222TXU7,0.6
A0A222WHI7,0.46
A0A223E952,0.35
A0A223FEP8,0.75
A0A223FF37,0.55
A0A223FPM4,0.5
A0A223MPC1,0.75
A0A223PIS2,0.59
A0A223QDV1,0.69
A0A225CP90,0.48
A0A225E2E6,0.49
A0A225Q0G1,0.49
A0A225XAC5,0.53
A0A225Z515,0.45
A0A225ZZS4,0.51
A0A226A0B7,0.5
A0A226A2T0,0.5
A0A226BM00,0.59
A0A226BN76,0.5
A0A226EX05,0.83
A0A226N1D0,0.4
A0A226NJC8,0.51
A0A226P0D5,0.44
A0A226PJJ9,0.28
A0A226Q4C1,0.51
A0A229WYH8,0.67
A0A229X4M7,0.5
A0A231PR61,0.62
A0A231TZH7,0.52
A0A233SFY8,0.57
A0A233SH84,0.51
A0A233VLE7,0.54
A0A238BN69,0.59
A0A238BW51,0.31
A0A238VNV5,0.48
A0A238VX05,PARSE_ERROR
A0A238YGB4,0.6
A0A238YLN0,0.56
A0A238YTG9,0.61
A0A239D7G5,0.57
A0A239HLZ9,0.77
A0A239LFN7,0.57
A0A239QXU0,0.59
A0A239ZPB0,0.78
A0A240UNM6,0.53
A0A241VD38,0.37
A0A242ARK0,0.56
A0A242ATP7,0.69
A0A242LI89,0.77
A0A242UQU4,0.63
A0A243BVJ4,0.53
A0A243JAI8,0.52
A0A243RUD4,0.33
A0A243VG72,0.54
A0A244CEI0,0.55
A0A244E4E8,0.76
A0A244ETN2,0.51
A0A245Z271,0.66
A0A245Z6U7,0.7
A0A246E6Z1,0.38
A0A246FPQ4,0.51
A0A246QQP8,0.52
A0A246WUG5,0.49
A0A248RA27,0.75
A0A248VSH7,0.42
A0A249LWQ1,0.64
A0A249XRF3,0.5
A0A250BA61,0.42
A0A250ETH5,0.7
A0A250FH75,0.54
A0A250FNB6,0.58
A0A250FYY8,0.67
A0A250JEN2,0.48
A0A250LWV9,0.64
A0A250XG29,0.51
A0A250YC34,0.52
A0A251Q708,0.46
A0A251RSK7,0.67
A0A251VYM2,0.51
A0A252AZA3,0.62
A0A252BM10,0.72
A0A252CEH4,0.67
A0A252CVJ6,0.66
A0A252F005,0.73
A0A254R600,0.42
A0A254SX15,0.53
A0A254TTM0,0.48
A0A254U7T2,0.58
A0A254VMF7,0.41
A0A255M9B9,0.74
A0A255Y8V8,0.61
A0A255YXI7,0.7
A0A255ZIT8,0.62
A0A256HQ19,0.59
A0A256HZP6,0.57
A0A256LEY0,0.57
A0A256XCV0,0.56
A0A256XJJ3,0.72
A0A256XLR8,0.71
A0A256YFP1,0.73
A0A256YIV3,0.72
A0A256YS26,0.53
A0A256ZH38,0.74
A0A257FRN8,0.47
A0A257KF80,0.68
A0A257L7N8,0.58
A0A257MYY6,0.52
A0A257Q2X5,0.76
A0A257R359,0.53
A0A257UB18,0.44
A0A257YA46,0.5
A0A258HSY6,0.53
A0A258J8J7,0.44
A0A258M4E4,0.57
A0A258Q011,0.56
A0A258QQQ5,0.63
A0A258TDV6,0.46
A0A258U6E6,0.57
A0A258WSR9,0.52
A0A259C283,0.53
A0A259CVY2,0.73
A0A259D6H5,0.63
A0A259H0S9,0.59
A0A259K747,0.68
A0A259KIS9,0.65
A0A259NL55,0.75
A0A259PCV0,0.61
A0A259PD13,0.57
A0A259QML8,0.61
A0A259ULX8,0.53
A0A259Y7T5,0.54
A0A259ZW18,0.63
A0A260DS07,0.61
A0A260E687,0.56
A0A260WM02,0.53
A0A261BAF5,0.57
A0A261C0Z7,0.58
A0A261CJA1,0.55
A0A261DC61,0.76
A0A261QD37,0.72
A0A261QH47,0.65
A0A261R6N9,0.57
A0A261VC27,0.69
A0A261VFL4,0.6
A0A261Y1I8,0.39
A0A263D1M2,0.77
A0A263HL10,0.49
A0A264DYS3,0.56
A0A265E4G4,0.74
A0A265EEF6,0.59
A0A265Q590,0.58
A0A266NI46,0.64
A0A267DGA2,0.51
A0A267E305,0.29
A0A267EH48,0.46
A0A267FQK7,0.49
A0A267G4X1,0.49
A0A267GP81,0.5
A0A267T2C1,0.59
A0A268E8D6,0.58
A0A268HZR0,0.55
A0A270QJ80,0.59
A0A271JFU3,0.49
A0A284QN76,0.54
A0A284QV69,0.52
A0A285D9H3,0.48
A0A285DBC8,0.51
A0A285E998,0.5
A0A285ED74,0.56
A0A285P452,0.36
A0A285VGI3,0.74
A0A286DSF8,0.52
A0A286EMD4,0.55
A0A286EVQ3,0.6
A0A286GDL0,0.49
A0A286HBL0,0.73
A0A286HXM5,0.58
A0A286IW16,0.62
A0A286LPJ6,0.47
A0A286T6R6,0.76
A0A286UTG1,0.5
A0A286UU79,0.51
A0A286ZQR0,0.44
A0A287EW54,0.72
A0A287EW56,0.71
A0A287HPX7,0.55
A0A287JM60,0.5
A0A287JPI4,0.42
A0A287JYE8,0.74
A0A287KP41,0.48
A0A287KZF8,0.63
A0A287NXP0,0.66
A0A287S027,0.78
A0A287TK93,0.56
A0A287TPK2,0.59
A0A287WJG7,0.46
A0A287XVD3,0.66
A0A290S1N9,0.48
A0A290T5V7,0.47
A0A290T740,0.62
A0A290TAD9,0.54
A0A290Z8X9,0.48
A0A291DAG8,0.58
A0A291EAW5,0.67
A0A291M3R1,0.74
A0A291TC45,0.43
A0A292PHR3,0.31
A0A292SCZ6,0.42
A0A292SU50,0.61
A0A292SV21,0.51
A0A293NC03,0.71
A0A2A2F874,0.55
A0A2A2H9T4,0.56
A0A2A2I3I1,0.61
A0A2A2JI33,0.55
A0A2A2LFD4,0.58
A0A2A2R000,0.62
A0A2A2S7Z9,0.57
A0A2A2T9D2,0.48
A0A2A2WSA6,0.59
A0A2A3C968,0.45
A0A2A3D5Q6,0.55
A0A2A3XSU6,0.48
A0A2A3ZA70,0.59
A0A2A3ZG03,0.53
A0A2A4G932,0.45
A0A2A4I8C9,0.62
A0A2A4MQ52,0.32
A0A2A4MTQ3,0.55
A0A2A4S3A7,0.59
A0A2A4VE96,0.5
A0A2A4VHX3,0.65
A0A2A4Y551,0.65
A0A2A5FAL6,0.45
A0A2A5FEP4,0.52
A0A2A5GF44,0.48
A0A2A5GX67,0.67
A0A2A5JMJ9,0.57
A0A2A5K6A8,0.58
A0A2A5Q3T0,0.59
A0A2A5QMD8,0.71
A0A2A5S7T8,0.57
A0A2A5TIW7,0.44
A0A2A5W2D9,0.57
A0A2A5WEN0,0.54
A0A2A5WKT1,0.64
A0A2A5WZK4,0.66
A0A2A5XYR5,0.71
A0A2A5Y5G9,0.44
A0A2A6E5C2,0.52
A0A2A6EI08,0.59
A0A2A6MQN1,0.78
A0A2A6NMC8,0.48
A0A2A7BLG3,0.71
A0A2A7KA67,0.45
A0A2A7MG01,0.48
A0A2A7MG05,0.73
A0A2A8F3A7,0.51
A0A2A8J6H2,0.5
A0A2A9CSK6,0.58
A0A2A9G5Y1,0.51
A0A2A9GT18,0.43
A0A2A9H1H6,0.52
A0A2A9KAJ8,0.41
A0A2A9L6Y8,0.6
A0A2B0XLQ7,0.55
A0A2B7YYD6,0.52
A0A2B8ASC1,0.58
A0A2B8URS6,0.74
A0A2C0CKK3,0.6
A0A2C1U8W0,0.5
A0A2C2UC44,0.78
A0A2C6E7V4,0.5
A0A2C6EAG5,0.56
A0A2C6WIJ0,0.55
A0A2C7YPZ5,0.49
A0A2C8EMR7,0.56
A0A2C8YY65,0.77
A0A2D0PUJ5,0.55
A0A2D1L1Z9,0.4
A0A2D2N594,0.72
A0A2D3DPX2,0.39
A0A2D3PJ09,0.44
A0A2D3RF13,0.54
A0A2D3RH16,0.73
A0A2D3UTM5,0.63
A0A2D3WGX1,0.6
A0A2D4GQ53,0.63
A0A2D4RUI4,0.6
A0A2D4TAI0,0.58
A0A2D4UZ96,0.46
A0A2D4XBB1,0.64
A0A2D4Y3V5,0.57
A0A2D4ZWB3,0.53
A0A2D5AFV8,0.72
A0A2D5ALC8,0.42
A0A2D5ATM4,0.75
A0A2D5CXF7,0.45
A0A2D5D6I0,0.6
A0A2D5EPY9,0.53
A0A2D5ETY1,0.58
A0A2D5EYC0,0.7
A0A2D5EZZ5,0.54
A0A2D5F045,0.46
A0A2D5FEJ0,0.66
A0A2D5G0B6,0.66
A0A2D5I2I3,0.55
A0A2D5IF98,0.53
A0A2D5JAU2,0.72
A0A2D5KQR3,0.56
A0A2D5L9P7,0.58
A0A2D5LX31,0.49
A0A2D5NAV6,0.47
A0A2D5RKU8,0.3
A0A2D5Y1C8,0.76
A0A2D5ZJW9,0.57
A0A2D6AWW8,0.78
A0A2D6B1L5,0.5
A0A2D6BSS7,0.8
A0A2D6BYN5,0.46
A0A2D6DTC0,0.54
A0A2D6EJN4,0.75
A0A2D6GZL9,0.52
A0A2D6KBP7,0.51
A0A2D6KBU3,0.58
A0A2D6MEZ0,0.52
A0A2D6P0J3,0.68
A0A2D6QE45,0.6
A0A2D6S030,0.67
A0A2D6S2Y2,0.45
A0A2D6S6S9,0.74
A0A2D6UTJ8,0.73
A0A2D6UVW8,0.58
A0A2D6VK69,0.59
A0A2D6XNN7,0.64
A0A2D6YDA3,0.53
A0A2D6YIL8,0.74
A0A2D6Z0P2,0.52
A0A2D6ZE22,0.73
A0A2D7CYL4,0.38
A0A2D7DL83,0.65
A0A2D7DZZ6,0.52
A0A2D7FXW5,0.69
A0A2D7I8K9,0.63
A0A2D7IVS1,0.54
A0A2D7J1B7,0.73
A0A2D7J9Y1,0.46
A0A2D7KGY8,0.59
A0A2D7KMY3,0.55
A0A2D7KWB5,0.72
A0A2D7KXN0,0.56
A0A2D7LXF2,0.76
A0A2D7M334,0.73
A0A2D7M636,0.5
A0A2D7MVK6,0.49
A0A2D7P0Z4,0.52
A0A2D7P520,0.71
A0A2D7QJS0,0.67
A0A2D7QNY4,0.63
A0A2D7RCY6,0.36
A0A2D7RS85,0.55
A0A2D7SQ93,0.7
A0A2D7TR79,0.63
A0A2D7TVC2,0.77
A0A2D7TVZ8,0.67
A0A2D7V6E0,0.66
A0A2D7W217,0.41
A0A2D7YMG5,0.52
A0A2D8ADE5,0.58
A0A2D8CEX1,0.76
A0A2D8GE22,0.48
A0A2D8GG13,0.6
A0A2D8ITA4,0.8
A0A2D8LSP6,0.65
A0A2D8R8W2,0.72
A0A2D8S8B1,0.52
A0A2D8SW75,0.44
A0A2D8V2U4,0.67
A0A2D8WNG7,0.62
A0A2D8Y1G1,0.51
A0A2D8YFB8,0.63
A0A2D8YQ08,0.56
A0A2D8YY52,0.59
A0A2D9A3T4,0.59
A0A2D9AAZ5,0.6
A0A2D9BCD6,0.61
A0A2D9CRD9,0.45
A0A2D9HF72,0.55
A0A2D9IRC2,0.5
A0A2D9KI53,0.73
A0A2D9LN68,0.47
A0A2D9LXD3,0.71
A0A2D9MQ74,0.48
A0A2D9MYF4,0.66
A0A2D9QXY5,0.59
A0A2D9S6U8,0.61
A0A2D9VJP1,0.48
A0A2D9VRI2,0.73
A0A2D9X3H1,0.52
A0A2D9XQH0,0.65
A0A2D9YF15,0.5
A0A2D9Z026,0.68
A0A2E0A281,0.54
A0A2E0AJU6,0.62
A0A2E0BZW9,0.58
A0A2E0CKY6,0.58
A0A2E0CXZ2,0.67
A0A2E0DDF4,0.66
A0A2E0DLY5,0.63
A0A2E0DM13,0.64
A0A2E0H8Y3,0.65
A0A2E0LX64,0.58
A0A2E0M2V2,0.74
A0A2E0PJH6,0.21
A0A2E0TLP9,0.52
A0A2E0V9S7,0.59
A0A2E0WPA1,0.62
A0A2E0Y3Q2,0.65
A0A2E0ZX57,0.48
A0A2E1BQS5,0.72
A0A2E1CM49,0.64
A0A2E1E0D3,0.74
A0A2E1E1C8,0.55
A0A2E1ESC5,0.52
A0A2E1FTJ0,0.5
A0A2E1H169,0.69
A0A2E1H1V3,0.53
A0A2E1H7R4,0.72
A0A2E1HAD8,0.73
A0A2E1HBA1,0.56
A0A2E1JEZ4,0.62
A0A2E1JPH8,0.57
A0A2E1JTP8,0.75
A0A2E1L6F7,0.57
A0A2E1LTD4,0.66
A0A2E1M4D8,0.49
A0A2E1M7M8,0.54
A0A2E1P4G6,0.47
A0A2E1PL50,0.75
A0A2E1QQA6,0.59
A0A2E1QSK3,0.6
A0A2E1RV40,0.52
A0A2E1SHN6,0.48
A0A2E1YBK3,0.57
A0A2E1Z4F1,0.53
A0A2E2BW73,0.53
A0A2E2D4Z0,0.49
A0A2E2IKB6,0.73
A0A2E2JJH3,0.64
A0A2E2LWN8,0.54
A0A2E2MX30,0.63
A0A2E2NAN6,0.67
A0A2E2R171,0.58
A0A2E2S947,0.49
A0A2E2SAG6,0.64
A0A2E2SWH1,0.7
A0A2E2W020,0.58
A0A2E2WL40,0.5
A0A2E2X749,0.51
A0A2E2ZHF6,0.69
A0A2E2ZLV6,0.57
A0A2E3AGY2,0.77
A0A2E3BRJ5,0.41
A0A2E3EP66,0.72
A0A2E3EVV5,0.73
A0A2E3G7U4,0.55
A0A2E3GVD6,0.55
A0A2E3H9K1,0.62
A0A2E3I172,0.48
A0A2E3JS04,0.66
A0A2E3L5N6,0.59
A0A2E3N7F7,0.76
A0A2E3NK60,0.53
A0A2E3NLA5,0.59
A0A2E3P108,0.71
A0A2E3Q3Y3,0.64
A0A2E3R818,0.58
A0A2E3SQT5,0.49
A0A2E3UYE3,0.52
A0A2E3VWY2,0.57
A0A2E3YFT7,0.6
A0A2E3YGX5,0.51
A0A2E3YI64,0.59
A0A2E3ZCE9,0.72
A0A2E3ZQ43,0.63
A0A2E4BC83,0.72
A0A2E4C597,0.43
A0A2E4DRK4,0.57
A0A2E4DS97,0.74
A0A2E4DW41,0.61
A0A2E4FMM6,0.63
A0A2E4H969,0.61
A0A2E4HVX2,0.76
A0A2E4I0A1,0.48
A0A2E4IST2,0.78
A0A2E4IT56,0.71
A0A2E4L8N3,0.54
A0A2E4L9D1,0.46
A0A2E4LJR0,0.57
A0A2E4Q6K8,0.74
A0A2E4QKC3,0.74
A0A2E4RM09,0.46
A0A2E4SAE0,0.47
A0A2E4V0G8,0.48
A0A2E4YXR2,0.55
A0A2E4YZQ6,0.53
A0A2E4Z7P8,0.71
A0A2E5AN16,0.52
A0A2E5C9H5,0.54
A0A2E5ENX2,0.53
A0A2E5FIB7,0.6
A0A2E5H0G8,0.47
A0A2E5HNX5,0.52
A0A2E5HTN1,0.75
A0A2E5KFL6,0.67
A0A2E5KK24,0.71
A0A2E5KKV2,0.58
A0A2E5KYE3,0.64
A0A2E5NVE6,0.65
A0A2E5R789,0.51
A0A2E5RJD3,0.53
A0A2E5SNF1,0.76
A0A2E5T1E2,0.74
A0A2E5TV91,0.52
A0A2E5UMJ5,0.68
A0A2E5VI76,0.32
A0A2E5WEB7,0.74
A0A2E5WEJ1,0.57
A0A2E5WEL7,0.68
A0A2E5WEV5,0.5
A0A2E5X630,0.6
A0A2E5YIE2,0.62
A0A2E5Z3Q9,0.42
A0A2E5ZJ62,0.7
A0A2E6D5B8,0.72
A0A2E6D9L0,0.56
A0A2E6EWD2,0.66
A0A2E6HU29,0.6
A0A2E6I9L6,0.52
A0A2E6J2R5,0.71
A0A2E6L6S2,0.64
A0A2E6LNK6,0.59
A0A2E6M0V6,0.57
A0A2E6MIQ9,0.72
A0A2E6NX86,0.67
A0A2E6SFC1,0.61
A0A2E6T6D3,0.6
A0A2E6VKR0,0.53
A0A2E6XNZ0,0.52
A0A2E7BBI1,0.71
A0A2E7BS48,0.53
A0A2E7CPU5,0.62
A0A2E7FNG4,0.67
A0A2E7FQ42,0.59
A0A2E7FS11,0.5
A0A2E7GIN8,0.64
A0A2E7HV58,0.59
A0A2E7J7D0,0.41
A0A2E7MAN3,0.73
A0A2E7NBI8,0.47
A0A2E7NH46,0.55
A0A2E7QS97,0.75
A0A2E7R4T3,0.6
A0A2E7U9G4,0.48
A0A2E7V735,0.57
A0A2E7YY31,0.68
A0A2E8A5F7,0.73
A0A2E8A8X5,0.72
A0A2E8C567,0.64
A0A2E8CV16,0.73
A0A2E8DP37,0.52
A0A2E8GPK1,0.71
A0A2E8HD28,0.73
A0A2E8HKL8,0.73
A0A2E8IFW2,0.5
A0A2E8IXH3,0.52
A0A2E8J833,0.57
A0A2E8L937,0.57
A0A2E8LBH8,0.54
A0A2E8MDX0,PARSE_ERROR
A0A2E8PAQ3,0.6
A0A2E8PF75,0.57
A0A2E8QVZ7,0.52
A0A2E8RBV9,0.53
A0A2E8S7B1,0.54
A0A2E8SB69,PARSE_ERROR
A0A2E8T706,0.62
A0A2E8WWA9,0.65
A0A2E8Y347,0.56
A0A2E9I965,0.77
A0A2E9LLF8,0.7
A0A2E9LS49,0.43
A0A2E9P313,0.57
A0A2E9WL89,0.55
A0A2E9XG96,0.59
A0A2F0ADU7,0.62
A0A2G0WIR7,0.56
A0A2G1APH0,0.59
A0A2G1VZB8,0.51
A0A2G1Y026,0.55
A0A2G1YBG7,0.75
A0A2G1YXY1,0.49
A0A2G2EQF0,0.56
A0A2G2KC47,0.55
A0A2G2PGF0,0.48
A0A2G2PUU7,0.59
A0A2G2QB35,0.41
A0A2G2QTM9,0.59
A0A2G2WRL0,0.58
A0A2G3AJ46,0.49
A0A2G3DWN1,0.44
A0A2G3KEG5,0.67
A0A2G3LUX8,0.73
A0A2G3P5W7,0.52
A0A2G4FZE5,0.49
A0A2G4G9S5,0.58
A0A2G4IGK7,0.57
A0A2G4SMF8,0.52
A0A2G5BIX8,0.51
A0A2G5C4J7,0.48
A0A2G5CT92,0.59
A0A2G5D970,0.46
A0A2G5EB52,0.53
A0A2G5IAQ1,0.42
A0A2G6BN75,0.6
A0A2G6D0X3,0.6
A0A2G6D2J9,0.71
A0A2G6DUR4,0.58
A0A2G6EW60,0.48
A0A2G6GUZ0,0.5
A0A2G6H2J5,0.59
A0A2G6KUG8,0.41
A0A2G6LAM0,0.52
A0A2G6NV61,0.75
A0A2G6P0I9,0.64
A0A2G6PA27,0.54
A0A2G6Q270,0.61
A0A2G6Q3U8,0.49
A0A2G6RQA1,0.5
A0A2G6SC78,0.75
A0A2G6WTE9,0.51
A0A2G6YH08,0.72
A0A2G6YTC1,0.79
A0A2G6ZMM2,0.73
A0A2G6ZV06,0.56
A0A2G7DT92,0.49
A0A2G7FI17,0.68
A0A2G8BG39,0.64
A0A2G8HYI1,0.73
A0A2G8JMF1,0.55
A0A2G8JU61,0.46
A0A2G8LBU3,0.54
A0A2G8PB26,0.49
A0A2G8SL47,0.49
A0A2G8SMP6,0.48
A0A2G9DST8,0.59
A0A2G9EBP6,0.71
A0A2G9LQX5,0.53
A0A2G9LYG5,0.72
A0A2G9MPI8,0.47
A0A2G9MSC7,0.7
A0A2G9MUJ5,0.6
A0A2G9NN57,0.6
A0A2G9PUL1,0.63
A0A2G9VJ60,0.59
A0A2G9XD16,0.53
A0A2G9XK19,0.61
A0A2G9ZS27,0.57
A0A2H0AED7,0.7
A0A2H0B2Y7,0.52
A0A2H0B429,0.54
A0A2H0BH09,0.48
A0A2H0CDM4,0.77
A0A2H0D6X3,0.73
A0A2H0DUG7,0.78
A0A2H0HG67,0.46
A0A2H0NFX7,0.54
A0A2H0SBS3,0.66
A0A2H0SH37,0.68
A0A2H0TWG2,0.53
A0A2H0VJZ0,0.68
A0A2H0XK21,0.64
A0A2H0Y590,0.73
A0A2H0Z491,0.68
A0A2H1CE18,0.48
A0A2H1FWB1,0.67
A0A2H1FWY5,0.48
A0A2H1H4B2,0.46
A0A2H1I527,0.55
A0A2H1ICC3,0.46
A0A2H1IJW0,0.55
A0A2H1XP31,0.66
A0A2H2WT22,0.54
A0A2H2YFJ2,0.65
A0A2H3BR75,0.38
A0A2H3E6Q4,0.55
A0A2H3G9Y2,0.53
A0A2H3GUH3,0.39
A0A2H3I7D7,0.43
A0A2H3KNG4,0.56
A0A2H3NG88,0.64
A0A2H3S3M2,0.53
A0A2H3SAI4,0.49
A0A2H3SF17,0.51
A0A2H3TY34,0.44
A0A2H4CE72,0.53
A0A2H4CEN3,0.73
A0A2H4N217,0.55
A0A2H4TYD6,0.58
A0A2H4WAB5,0.71
A0A2H5A2S9,0.62
A0A2H5ACH6,0.53
A0A2H5CA67,0.51
A0A2H5CAZ1,0.47
A0A2H5N745,0.8
A0A2H5NA99,0.62
A0A2H5NJY9,0.47
A0A2H5QDI1,0.34
A0A2H5QRN4,0.49
A0A2H5R9Y5,0.63
A0A2H5S9A9,0.55
A0A2H5SI30,0.42
A0A2H5UE23,0.44
A0A2H5VQP3,0.45
A0A2H5WLM8,0.39
A0A2H5WQZ6,0.57
A0A2H5Y1A9,0.66
A0A2H5Y7B6,0.57
A0A2H5Z636,0.79
A0A2H6D153,0.67
A0A2H6IYU7,0.69
A0A2H6K0S9,0.7
A0A2H6LHM9,0.47
A0A2H6NCF6,0.51
A0A2H8TYH3,0.56
A0A2H9L5E5,0.75
A0A2H9L9J7,0.53
A0A2H9LN56,0.55
A0A2H9LNR2,0.52
A0A2H9M7E1,0.54
A0A2H9MNG7,0.62
A0A2H9MWW0,0.81
A0A2H9N0F1,0.63
A0A2H9NRK0,0.53
A0A2H9NT25,0.59
A0A2H9PBG2,0.54
A0A2H9PY65,0.65
A0A2H9QIW5,0.53
A0A2H9R6R0,0.69
A0A2H9RIZ6,0.67
A0A2I0D0Q6,0.71
A0A2I0DA37,0.45
A0A2I0KXF4,0.6
A0A2I0RTL5,0.55
A0A2I0TIY5,0.6
A0A2I0TTC5,0.63
A0A2I0U941,0.54
A0A2I0ZCS5,0.57
A0A2I1BW63,0.63
A0A2I1E0F7,0.31
A0A2I1EDW6,0.36
A0A2I1G014,0.4
A0A2I1G608,0.48
A0A2I1G7Q4,0.33
A0A2I1GEE3,0.26
A0A2I1IGA0,0.46
A0A2I1ILK8,0.75
A0A2I1IVE3,0.39
A0A2I1M310,0.73
A0A2I1P0I4,0.5
A0A2I1R2N9,0.56
A0A2I1R9E9,0.58
A0A2I1R9K7,0.66
A0A2I1ZJK9,0.42
A0A2I2F913,0.44
A0A2I2FIJ4,0.46
A0A2I2ISC1,0.47
A0A2I2ITZ7,0.54
A0A2I2IVB8,0.33
A0A2I3GSH0,0.76
A0A2I3HLB1,0.52
A0A2I3M7I5,0.57
A0A2I4ENN7,0.52
A0A2I4GKU9,0.7
A0A2I4N6F6,0.6
A0A2I6BQA9,0.62
A0A2I7S7P0,0.52
A0A2I7SRW4,0.4
A0A2I7TA08,0.58
A0A2I8R576,0.51
A0A2I8XED2,0.76
A0A2I8XEZ5,0.52
A0A2J0LGT7,0.64
A0A2J0LMJ5,0.72
A0A2J0LRW9,0.71
A0A2J0MPA2,0.51
A0A2J0N1Q0,0.6
A0A2J0UCU9,0.58
A0A2J0ULH0,0.49
A0A2J5HWY1,0.51
A0A2J6H8S9,0.56
A0A2J6HWQ9,0.73
A0A2J6I1B2,0.63
A0A2J6MYA5,0.62
A0A2J6N2G9,0.48
A0A2J6NY67,0.59
A0A2J6SAN2,0.55
A0A2J6WFE7,0.48
A0A2J6X2U8,0.76
A0A2J7PKV9,0.44
A0A2J7Q1L4,0.66
A0A2J7QGB3,0.56
A0A2J7Y898,0.76
A0A2J7ZJL7,0.74
A0A2J8AZC5,0.59
A0A2J8FV93,0.75
A0A2J8J496,0.48
A0A2J8J6Q8,0.41
A0A2J8JF63,0.48
A0A2J8KDB1,0.44
A0A2J8L7T4,0.64
A0A2J8MMI6,0.53
A0A2J8P9V4,0.55
A0A2J8QJU1,0.49
A0A2J8R7C3,0.49
A0A2J9HN32,0.62
A0A2J9IK07,0.57
A0A2K0U0H4,0.54
A0A2K0XAS5,0.47
A0A2K1FQM0,0.76
A0A2K1JPT6,0.61
A0A2K1SR77,0.69
A0A2K1YFP4,0.59
A0A2K2A9Q8,0.34
A0A2K2R4K2,0.57
A0A2K2R9N9,0.52
A0A2K2U282,0.74
A0A2K2U5C7,0.72
A0A2K2U862,0.73
A0A2K2U8G9,0.6
A0A2K3JIR9,0.5
A0A2K3L825,0.72
A0A2K3MYP1,0.41
A0A2K3QZS3,0.56
A0A2K4FQQ2,0.6
A0A2K4VP51,0.41
A0A2K4YMX7,0.29
A0A2K5A413,0.52
A0A2K5CZC6,0.67
A0A2K5RPK5,0.23
A0A2K5W951,0.51
A0A2K5WU07,0.51
A0A2K5XZG3,0.49
A0A2K5ZG47,0.57
A0A2K6EQC0,0.33
A0A2K6P5I5,0.72
A0A2K6TK01,0.53
A0A2K6TK06,0.52
A0A2K8EXJ6,0.5
A0A2K8MJ43,0.54
A0A2K8NGB9,0.66
A0A2K8X6N3,0.65
A0A2K8X7T8,0.48
A0A2K9E4Y0,0.67
A0A2K9ES65,0.59
A0A2K9ESC1,0.57
A0A2K9NFB6,0.47
A0A2L0A1H2,0.69
A0A2L0HZD2,0.55
A0A2L0N270,0.64
A0A2L0U8W4,0.57
A0A2L0VSN4,0.51
A0A2L1HGW3,0.77
A0A2L1QK52,0.41
A0A2L2JR27,0.51
A0A2L2MEW2,0.52
A0A2L2MW09,0.56
A0A2L2XG40,0.55
A0A2L2YM74,0.25
A0A2M3ZE48,0.58
A0A2M6K9R2,0.76
A0A2M6XEH6,0.48
A0A2M6XZP4,0.52
A0A2M6Z210,0.65
A0A2M6ZCV9,0.75
A0A2M6ZEX9,0.55
A0A2M7APP7,0.44
A0A2M7BUX5,0.73
A0A2M7C7S9,0.59
A0A2M7DA95,0.61
A0A2M7DSQ5,0.53
A0A2M7DVB1,0.64
A0A2M7EI08,0.55
A0A2M7I8M6,0.52
A0A2M7J977,0.56
A0A2M7J9Q7,0.55
A0A2M7JJC9,0.57
A0A2M7JMF2,0.49
A0A2M7K5U4,0.64
A0A2M7KAW8,0.35
A0A2M7LJ84,0.61
A0A2M7M5I6,0.58
A0A2M7P0W3,0.51
A0A2M7P463,0.72
A0A2M7PXY1,0.3
A0A2M7RF00,0.58
A0A2M7RR07,0.48
A0A2M7RTZ2,0.75
A0A2M7SKZ6,0.46
A0A2M7SPY5,0.58
A0A2M7TIT7,0.58
A0A2M7UFP1,0.61
A0A2M7UIG0,0.48
A0A2M7WXE3,0.67
A0A2M7X1P5,0.55
A0A2M7XU27,0.53
A0A2M7YAA1,0.65
A0A2M7YAD7,0.48
A0A2M7YD14,0.76
A0A2M7YWE1,0.61
A0A2M8ADS9,0.78
A0A2M8B7J4,0.51
A0A2M8C589,0.65
A0A2M8DGG5,0.7
A0A2M8DS78,0.63
A0A2M8DYN8,0.57
A0A2M8ER12,0.72
A0A2M8EU06,0.74
A0A2M8EZU3,0.65
A0A2M8G2G2,0.72
A0A2M8G7A7,0.47
A0A2M8PD03,0.49
A0A2M8T8X6,0.65
A0A2M8UB47,0.47
A0A2M8UL29,0.77
A0A2M8VGR7,0.74
A0A2M8WWL2,0.75
A0A2M8XC13,0.39
A0A2M8XQZ8,0.46
A0A2M9BWR6,0.54
A0A2M9FFH9,0.76
A0A2M9TGH1,0.48
A0A2M9VUC1,0.28
A0A2M9Z9W1,0.52
A0A2N0ANS9,0.51
A0A2N0AWV2,0.62
A0A2N0BV10,0.61
A0A2N0C4K6,0.63
A0A2N0EQR7,0.5
A0A2N0LSS9,0.53
A0A2N0QRT9,0.52
A0A2N0R3K1,0.48
A0A2N0RYY2,0.7
A0A2N0X1N7,0.53
A0A2N0ZAK0,0.61
A0A2N1DH27,0.61
A0A2N1EPF8,0.52
A0A2N1KWM5,0.47
A0A2N1LL88,0.48
A0A2N1N664,0.59
A0A2N1NK90,0.43
A0A2N1NQ37,0.44
A0A2N1NWD2,0.43
A0A2N1Q8C1,0.26
A0A2N1QQT1,0.53
A0A2N1S0Y3,0.58
A0A2N1S612,0.62
A0A2N1SMR6,0.67
A0A2N1SP06,0.55
A0A2N1SPW6,0.52
A0A2N1SQ48,0.61
A0A2N1T1U0,0.62
A0A2N1T213,0.63
A0A2N1T543,0.48
A0A2N1UIQ3,0.76
A0A2N1X9V8,0.76
A0A2N1XKI0,0.42
A0A2N1Z5X5,0.53
A0A2N2BBS8,0.42
A0A2N2C4J3,0.45
A0A2N2G814,0.61
A0A2N2GQG3,0.44
A0A2N2GVC4,0.61
A0A2N2I485,0.53
A0A2N2I841,0.49
A0A2N2IBI0,0.44
A0A2N2KLX3,0.6
A0A2N2NVR5,0.51
A0A2N2UIF9,0.6
A0A2N2W539,0.48
A0A2N2XZE8,0.62
A0A2N2ZV49,0.68
A0A2N3BGP4,0.79
A0A2N3BNA6,0.51
A0A2N3BQ73,0.7
A0A2N3CCG2,0.57
A0A2N3CCR5,0.75
A0A2N3EFQ6,0.57
A0A2N3G9R6,0.59
A0A2N3L4H6,0.6
A0A2N3N4J9,0.45
A0A2N3TN61,0.54
A0A2N3ULD4,0.53
A0A2N3X2G3,0.51
A0A2N4SV02,0.57
A0A2N4X0K2,0.6
A0A2N5GZ85,0.59
A0A2N5JCS9,0.73
A0A2N5PVE4,0.75
A0A2N5R4N5,0.54
A0A2N5RSH8,0.54
A0A2N5T0A5,0.44
A0A2N5VZP2,0.54
A0A2N5XIV9,0.54
A0A2N5ZHU9,0.59
A0A2N6E0T0,0.61
A0A2N6FI05,0.48
A0A2N6FT27,0.53
A0A2N6FTD6,0.67
A0A2N6PR95,0.44
A0A2N6Q0Y5,0.79
A0A2N6QAT8,0.41
A0A2N6R1Z1,0.65
A0A2N7C983,0.76
A0A2N7HMI8,0.63
A0A2N7VK94,0.57
A0A2N8B4Z6,0.57
A0A2N8GC91,0.39
A0A2N8GM73,0.57
A0A2N8HQC6,0.62
A0A2N8IR62,0.58
A0A2N8IRG9,0.43
A0A2N8IXV2,0.5
A0A2N8KRA2,0.55
A0A2N8L0E9,0.53
A0A2N8LWP0,0.5
A0A2N8M1J1,0.3
A0A2N8NJR2,0.4
A0A2N8PDN7,0.77
A0A2N8Q063,0.52
A0A2N8QFA1,0.48
A0A2N8R1S2,0.48
A0A2N8TGL4,0.41
A0A2N9CTI6,0.64
A0A2N9CXN9,0.41
A0A2N9F7F1,0.47
A0A2P1BQ34,0.52
A0A2P1CAJ2,0.56
A0A2P1DQH4,0.66
A0A2P1HA73,0.5
A0A2P1NGX0,0.72
A0A2P1QCJ2,0.74
A0A2P1VIP3,0.75
A0A2P1VMC5,0.76
A0A2P2CDB3,0.56
A0A2P2F4I3,0.46
A0A2P2HVK3,0.64
A0A2P2M8S0,0.75
A0A2P4N761,0.77
A0A2P4NLZ7,0.55
A0A2P4Q2H6,0.69
A0A2P4QLI1,0.4
A0A2P4SND5,0.74
A0A2P4SVN6,0.63
A0A2P4TDC4,0.45
A0A2P4TSI5,0.74
A0A2P4UZB1,0.39
A0A2P4YW01,0.53
A0A2P4Z164,0.62
A0A2P4Z657,0.46
A0A2P5AH82,0.46
A0A2P5AU87,0.56
A0A2P5NB46,0.59
A0A2P5Q260,0.58
A0A2P5RMD5,0.47
A0A2P5VSN3,0.51
A0A2P5XRL9,0.5
A0A2P6AYF8,0.42
A0A2P6G2T8,0.54
A0A2P6NGY6,0.59
A0A2P6PIR3,0.49
A0A2P6QDX6,0.68
A0A2P6VS17,0.47
A0A2P7N120,0.45
A0A2P7PPU4,0.54
A0A2P7PSZ9,0.48
A0A2P7T0A1,0.59
A0A2P8DK86,0.57
A0A2P8GY95,0.63
A0A2P8HD05,0.59
A0A2P8IBV4,0.5
A0A2P8M9J0,0.64
A0A2P8MDX8,0.46
A0A2P8XXX0,0.68
A0A2P9E668,0.55
A0A2P9I443,0.57
A0A2P9I4A9,0.63
A0A2P9I5G5,0.56
A0A2R3S149,0.5
A0A2R3Z3R4,0.7
A0A2R4A6T3,0.51
A0A2R4DPL5,0.48
A0A2R4J050,0.6
A0A2R4KIN9,0.75
A0A2R4MF25,0.57
A0A2R4MYB8,0.51
A0A2R4RWC5,0.72
A0A2R4T9T7,0.54
A0A2R4VZZ4,0.69
A0A2R4XNU4,0.51
A0A2R5EVT7,0.31
A0A2R5FL36,0.46
A0A2R6A6Q4,0.54
A0A2R6AFT4,0.61
A0A2R6AIU5,0.45
A0A2R6AVT5,0.76
A0A2R6BDY7,0.73
A0A2R6BKR8,0.54
A0A2R6BLJ7,0.5
A0A2R6BTT5,0.56
A0A2R6BWG7,0.55
A0A2R6JIT6,0.56
A0A2R6M0N7,0.53
A0A2R6P8L5,0.45
A0A2R6QGV6,0.6
A0A2R6W5K4,0.58
A0A2R6WJR1,0.51
A0A2R8F1Y1,0.78
A0A2R8ZI77,0.48
A0A2R9A5Q7,0.46
A0A2S0IGN7,0.59
A0A2S0MZF7,0.71
A0A2S0NEM1,0.54
A0A2S0SK54,0.48
A0A2S1CDQ5,0.71
A0A2S1I8Z8,0.75
A0A2S1JVK2,0.55
A0A2S1LWV3,0.48
A0A2S1R0S0,0.5
A0A2S1T308,0.74
A0A2S1Z7G3,0.5
A0A2S1ZY74,0.53
A0A2S2B238,0.53
A0A2S2CTT1,0.6
A0A2S2CVC9,0.71
A0A2S2G091,0.62
A0A2S2NYU4,0.51
A0A2S2P8L4,0.52
A0A2S2QSF2,0.4
A0A2S3H8F1,0.57
A0A2S3IAS3,0.46
A0A2S3QK42,0.69
A0A2S3UGX9,0.42
A0A2S3W115,0.7
A0A2S3WFU3,0.68
A0A2S3XKI5,0.61
A0A2S3ZC48,0.62
A0A2S4DTB5,0.74
A0A2S4GB88,0.71
A0A2S4GUY8,0.53
A0A2S4JFR3,0.78
A0A2S4UWT7,0.3
A0A2S4VYI4,0.45
A0A2S5CS30,0.53
A0A2S5EIN5,0.57
A0A2S5EJE5,0.59
A0A2S5F9C7,0.74
A0A2S5G7X7,0.66
A0A2S5NRX3,0.69
A0A2S5QZ97,0.45
A0A2S6ESP6,0.55
A0A2S6ICM0,0.47
A0A2S6NUU9,0.75
A0A2S6RFP9,0.44
A0A2S6S1S1,0.57
A0A2S6SGR0,0.56
A0A2S6T2E2,0.56
A0A2S7AP88,0.48
A0A2S7CWP1,0.71
A0A2S7DGG6,0.68
A0A2S7EPD9,0.34
A0A2S7F757,0.69
A0A2S7FA78,0.49
A0A2S7NRI1,0.52
A0A2S7R2B4,0.5
A0A2S7R5M3,0.44
A0A2S7TPM6,0.55
A0A2S7TTR8,0.59
A0A2S7XCN8,0.69
A0A2S7ZD81,0.41
A0A2S8ACT7,0.42
A0A2S8C6F9,0.67
A0A2S8FDC4,0.54
A0A2S8GSN2,0.47
A0A2S8R4E6,0.64
A0A2S8W053,0.5
A0A2S8YPQ9,0.58
A0A2S9BVT9,0.39
A0A2S9E2U9,0.54
A0A2S9F9X8,0.71
A0A2S9INC5,0.54
A0A2S9KC31,0.56
A0A2S9NYP8,0.72
A0A2S9XTL9,0.57
A0A2T0A271,0.42
A0A2T0ALZ3,0.56
A0A2T0AVX9,0.59
A0A2T0GWT0,0.55
A0A2T0HQ04,0.74
A0A2T0KKH5,0.47
A0A2T0TFE4,0.57
A0A2T0TIX6,0.55
A0A2T1BRQ7,0.53
A0A2T1DP11,0.52
A0A2T1F1C1,0.58
A0A2T1F1F2,0.54
A0A2T1FCX4,0.61
A0A2T1GZ49,0.6
A0A2T2TJ94,0.76
A0A2T2U3K7,0.45
A0A2T3F6I8,0.79
A0A2T3FC20,0.49
A0A2T3FFS2,0.64
A0A2T3FVW8,0.51
A0A2T3G3R7,0.48
A0A2T3I0P3,0.46
A0A2T3J0D5,0.7
A0A2T3MR06,0.66
A0A2T3NXW4,PARSE_ERROR
A0A2T3URZ5,0.55
A0A2T3ZAR7,0.43
A0A2T4D9G2,0.51
A0A2T4E0P6,0.57
A0A2T4GMU7,0.4
A0A2T4HKX4,0.81
A0A2T4V485,0.48
A0A2T4VKJ8,0.72
A0A2T4Y6M1,0.59
A0A2T4ZYX1,0.45
A0A2T5DUL2,0.7
A0A2T5UDE5,0.58
A0A2T5VI39,0.48
A0A2T5XTH6,0.37
A0A2T6GI93,0.56
A0A2T6GUV6,0.59
A0A2T6INW5,0.56
A0A2T6JH48,0.48
A0A2T6KT65,0.57
A0A2T6MES7,0.75
A0A2T6N7A0,0.61
A0A2T7D258,0.44
A0A2T7D4C4,0.66
A0A2T7N3I8,0.66
A0A2T7WD55,0.52
A0A2T7WF46,0.56
A0A2T7WTR9,0.58
A0A2T8INZ5,0.57
A0A2T9NXC9,0.73
A0A2T9WX13,0.54
A0A2T9X7D6,0.43
A0A2T9XVW7,0.71
A0A2T9Z5E8,0.62
A0A2U0DS37,0.47
A0A2U0MRD0,0.47
A0A2U0UGL4,0.49
A0A2U0V9A9,0.55
A0A2U1AQI3,0.75
A0A2U1AYN4,0.71
A0A2U1B7F7,0.58
A0A2U1BBL9,0.61
A0A2U1CE20,0.47
A0A2U1J4U3,0.43
A0A2U1J9V5,0.51
A0A2U1JBN3,0.43
A0A2U1MW29,0.73
A0A2U1P8B4,0.61
A0A2U1PF71,0.6
A0A2U1RC77,0.48
A0A2U1TCV1,0.78
A0A2U1V176,0.62
A0A2U1VQB1,0.64
A0A2U1W462,0.41
A0A2U1WE22,0.64
A0A2U1YCD9,0.7
A0A2U2AQ80,0.72
A0A2U2BDE5,0.4
A0A2U2C1B7,0.75
A0A2U2C8Z7,0.56
A0A2U2M7R9,0.52
A0A2U2N7K0,0.72
A0A2U2P5T0,0.78
A0A2U2Z036,0.72
A0A2U3ACQ6,0.59
A0A2U3C4I7,0.53
A0A2U3KTK1,0.63
A0A2U3LHA0,0.7
A0A2U3MXA4,0.6
A0A2U3VE78,0.54
A0A2U4DQQ4,0.53
A0A2U4FNK7,0.56
A0A2U4YDH6,0.52
A0A2U8DXJ8,0.49
A0A2U8XEH3,0.75
A0A2U9P965,0.57
A0A2U9QX36,0.4
A0A2U9R0X6,0.48
A0A2U9W2A3,0.75
A0A2U9Y0V2,0.76
A0A2U9Y136,0.53
A0A2V1AIL3,0.5
A0A2V1CSX2,0.46
A0A2V1DKR4,0.58
A0A2V1J2B2,0.75
A0A2V1M213,0.49
A0A2V1MYW2,0.76
A0A2V1NX85,0.58
A0A2V2BU10,0.54
A0A2V2BVR1,0.57
A0A2V2EAA9,0.68
A0A2V2GQV4,0.75
A0A2V2VXT2,0.43
A0A2V2WQX4,0.56
A0A2V2XQJ3,0.58
A0A2V3KNV6,0.65
A0A2V3QHD5,0.74
A0A2V3VRE3,0.6
A0A2V3Y8D7,0.52
A0A2V4MSG0,0.73
A0A2V4NNE3,0.71
A0A2V4P4M3,0.74
A0A2V4RWK9,0.81
A0A2V4UE32,0.6
A0A2V4UKS0,0.74
A0A2V4USJ6,0.5
A0A2V4VUU1,0.4
A0A2V4W6T1,0.68
A0A2V4ZVK2,0.76
A0A2V5G3R1,0.73
A0A2V5I4Q0,0.47
A0A2V5K4Z9,0.72
A0A2V5MHD1,0.66
A0A2V5NDG8,0.65
A0A2V5NM03,0.46
A0A2V5QWC7,0.67
A0A2V5R692,0.65
A0A2V5UX23,0.79
A0A2V5V1N8,0.57
A0A2V5VJA9,0.41
A0A2V5WH86,0.59
A0A2V5X0U4,0.63
A0A2V5YUJ3,0.73
A0A2V6EJ47,0.67
A0A2V6FE16,0.59
A0A2V6ID35,0.47
A0A2V6J579,0.52
A0A2V6JC41,0.6
A0A2V6LSI1,0.56
A0A2V6LY72,0.57
A0A2V6M779,0.4
A0A2V6MV73,0.68
A0A2V6N742,0.6
A0A2V6P4W5,0.58
A0A2V6PH70,0.56
A0A2V6RQJ5,0.47
A0A2V6S5A2,0.56
A0A2V6S5B9,0.52
A0A2V6T5Q7,0.55
A0A2V6UET8,0.78
A0A2V6VWF7,0.63
A0A2V6W0L8,0.44
A0A2V6XSF2,0.54
A0A2V6YDZ1,0.67
A0A2V7A297,0.65
A0A2V7AIC2,0.34
A0A2V7ASV5,0.56
A0A2V7ASW3,0.63
A0A2V7BIP4,0.56
A0A2V7BM29,0.67
A0A2V7BSA5,0.57
A0A2V7D9I7,0.61
A0A2V7FN26,0.74
A0A2V7FR57,0.64
A0A2V7GJI6,0.5
A0A2V7GUE4,0.47
A0A2V7JLN8,0.75
A0A2V7K9P2,0.78
A0A2V7KB31,0.51
A0A2V7KNX3,0.54
A0A2V7L2V8,0.52
A0A2V7LZH1,0.43
A0A2V7MWH6,0.58
A0A2V7NRP7,0.69
A0A2V7NTA9,0.65
A0A2V7NV20,0.58
A0A2V7RVS6,0.34
A0A2V7U6R9,0.53
A0A2V7V3W6,0.58
A0A2V7VVE5,0.57
A0A2V7WLP7,0.74
A0A2V7XPS5,0.67
A0A2V7ZFB3,0.76
A0A2V8BRE5,0.27
A0A2V8BTT0,0.49
A0A2V8CMK7,0.57
A0A2V8CWH4,0.55
A0A2V8CZU6,0.73
A0A2V8D5U7,0.61
A0A2V8FYM7,0.64
A0A2V8IHC2,0.63
A0A2V8ILG1,0.47
A0A2V8KRU6,0.5
A0A2V8KT10,0.73
A0A2V8KUW4,0.6
A0A2V8MAK6,0.72
A0A2V8NGV7,0.56
A0A2V8QWE2,0.57
A0A2V8R2C1,0.4
A0A2V8R5L0,0.44
A0A2V8RFK4,0.71
A0A2V8UHW0,0.58
A0A2V8USR6,0.82
A0A2V8VD21,0.55
A0A2V8XWF5,0.67
A0A2V9A091,0.58
A0A2V9AM22,0.44
A0A2V9B4J2,0.5
A0A2V9BBM2,0.49
A0A2V9BZB9,0.43
A0A2V9DNW3,0.75
A0A2V9FSQ4,0.75
A0A2V9IPL5,0.54
A0A2V9JE03,0.51
A0A2V9KCR7,0.6
A0A2V9L3F7,0.55
A0A2V9L5Y7,0.49
A0A2V9LGH0,0.56
A0A2V9P237,0.43
A0A2V9SHV7,0.75
A0A2V9VG32,0.58
A0A2V9W558,0.56
A0A2V9YSS9,0.56
A0A2V9ZLQ9,0.71
A0A2W0C0C1,0.6
A0A2W0C1T5,0.52
A0A2W0CXM0,0.65
A0A2W0D126,0.53
A0A2W0DD88,0.6
A0A2W0DV02,0.45
A0A2W0I6M7,0.67
A0A2W1A6B5,0.54
A0A2W1AIC7,0.73
A0A2W1BAX4,0.42
A0A2W1C2B2,0.49
A0A2W1FSJ3,0.65
A0A2W1GTQ0,0.35
A0A2W1P073,0.6
A0A2W1PUS7,0.51
A0A2W1QEK3,0.43
A0A2W1RY92,0.42
A0A2W1TZ92,0.55
A0A2W1XZK4,0.53
A0A2W1ZBH4,0.65
A0A2W2A5E6,0.45
A0A2W2A7H4,0.75
A0A2W2B1V1,0.55
A0A2W2QHL9,0.49
A0A2W4IXJ0,0.56
A0A2W4MBL4,0.61
A0A2W4MBW7,0.44
A0A2W4MX33,0.71
A0A2W4P2I6,0.52
A0A2W4Q4D3,0.53
A0A2W4QKW7,0.55
A0A2W4QRP1,0.55
A0A2W4RBZ5,0.75
A0A2W4RJE2,0.56
A0A2W4S2G0,0.53
A0A2W4SBV2,0.62
A0A2W4U5D7,0.68
A0A2W4UT83,0.6
A0A2W4WIQ7,0.7
A0A2W4ZXY5,0.6
A0A2W5B973,0.43
A0A2W5CSW0,0.57
A0A2W5DUA1,0.68
A0A2W5FZ52,0.69
A0A2W5I260,0.66
A0A2W5I9M5,PARSE_ERROR
A0A2W5JZY2,0.37
A0A2W5R0K0,0.53
A0A2W5T589,0.68
A0A2W5U519,PARSE_ERROR
A0A2W5WEV8,0.67
A0A2W5ZU03,0.53
A0A2W6AEC1,0.53
A0A2W6AQN8,0.72
A0A2W6D3N1,0.72
A0A2W6DUR0,0.72
A0A2W6PXQ0,0.52
A0A2W6R811,0.66
A0A2W6YLT9,0.53
A0A2W6Z4R8,0.56
A0A2W7AZ65,0.63
A0A2W7H448,0.5
A0A2W7IEC3,0.59
A0A2W7L572,0.48
A0A2W7MC42,0.73
A0A2X0ITJ5,0.53
A0A2X0QQ51,0.4
A0A2X0SI35,0.52
A0A2X0T6T6,0.36
A0A2X0V8M9,0.51
A0A2X0VKS3,0.53
A0A2X0XLJ2,0.54
A0A2X1BJJ2,0.77
A0A2X1BWU0,0.53
A0A2X1CZ80,0.73
A0A2X1ITN8,0.56
A0A2X1RHX9,0.74
A0A2X1SWB7,0.72
A0A2X1T307,0.54
A0A2X1YNN8,0.48
A0A2X2BKC8,0.42
A0A2X2DV27,0.4
A0A2X2KGW6,0.45
A0A2X2N925,0.48
A0A2X2NSA9,0.62
A0A2X2P6A0,0.64
A0A2X2Q9W2,0.52
A0A2X2VAP6,0.63
A0A2X3ABM8,0.6
A0A2X3BE43,0.69
A0A2X3JE11,0.71
A0A2X3JG39,0.52
A0A2X3KWZ9,0.56
A0A2X3XUQ3,0.71
A0A2X4CK54,0.4
A0A2X4G1P4,0.69
A0A2X4JPR9,0.57
A0A2X4KW47,0.59
A0A2X4SYZ2,0.77
A0A2X4TDD9,0.68
A0A2X5A8E5,0.51
A0A2X5BMS4,0.73
A0A2X5D2P8,0.72
A0A2X5PCP0,0.38
A0A2X5S5T8,0.45
A0A2X8LZ03,0.51
A0A2Y0BAZ5,0.72
A0A2Y5V3C2,0.64
A0A2Y9F9Q6,0.63
A0A2Y9RLD7,0.69
A0AH64,0.54
A0C2Z1,0.59
A0C8W6,0.41
A0C977,0.42
A0CGK1,0.46
A0CIT5,0.38
A0D4F3,0.47
A0FJI0,0.42
A0LL16,0.53
A0QZB0,0.74
A1DMP7,0.49
A1JLJ9,0.65
A1S4F8,0.43
A1TQW4,0.53
A1UD02,0.46
A1UD04,0.73
A1VW02,0.71
A2C180,0.49
A2D7R8,0.58
A2D9K5,0.51
A2EEU2,0.48
A2EKQ5,0.76
A2SKA0,0.71
A2VSC7,0.51
A2YBG8,0.49
A2YXF6,0.57
A3DD71,0.55
A3DU16,0.58
A3MTE1,0.5
A3PCX7,0.72
A3PDM9,0.68
A3QCT4,0.48
A3QNN9,0.64
A3UDE5,0.48
A3Z6T5,0.52
A4JII2,0.5
A4N057,0.52
A4RVQ6,0.46
A4TZ60,0.72
A4WBV7,0.73
A4WL11,0.61
A4YEU2,0.5
A4YMF3,0.6
A5D3Y9,0.66
A5GPK3,0.6
A5I841,0.41
A5ZG61,0.54
A6C913,0.38
A6CT23,0.5
A6G847,0.52
A6GF53,0.47
A6GTD6,0.47
A6GTT2,0.74
A6LC82,0.54
A6Q942,0.64
A6R5D7,0.39
A6UI56,0.58
A6ZS27,0.51
A7F292,0.64
A7GSA3,0.52
A7GYB9,PARSE_ERROR
A7IEQ7,0.73
A7N2Q4,0.65
A7XY60,0.43
A8BFH7,0.42
A8G640,0.59
A8G7D3,0.68
A8GDP7,0.48
A8JJS9,0.65
A8NY56,0.7
A8S6U7,0.71
A8SK45,0.7
A8TM85,0.7
A8X7U4,0.55
A8YX82,0.46
A9ESA8,0.59
A9NEU2,0.5
A9NIP7,0.46
A9NIQ6,0.51
A9W8N5,0.47
B0DS92,0.51
B0EJQ4,0.47
B0FII4,0.56
B0G251,0.63
B0JXB4,0.52
B0MJW9,0.62
B0P103,0.36
B0P438,0.38
B0PFD7,0.59
B0RCY7,0.72
B0Y198,0.5
B0ZTG6,0.53
B1FT93,0.44
B1IMY8,0.62
B1K6K9,0.54
B1KYD0,0.76
B1V980,0.67
B1VH18,0.59
B2I5C1,0.54
B2JD89,0.72
B2TYE7,0.38
B2UPK1,0.64
B2V715,0.7
B2VZB5,0.8
B2WKZ9,0.51
B3CEQ0,0.47
B3CS74,0.53
B4GG26,0.39
B4LZT2,0.63
B4RIG0,0.74
B4U8S4,0.71
B4U9I3,0.55
B4UUT0,0.57
B4V5M4,0.67
B4WCQ4,0.65
B4YWC0,0.72
B5IBB2,0.7
B5ICJ6,0.52
B5JYZ7,0.54
B5L388,0.75
B5L481,0.65
B5RRQ9,0.71
B5TAA5,0.5
B5VYX9,0.8
B5X9L6,0.58
B5Y6L6,0.66
B6BVP8,0.73
B6D8T9,0.68
B6E5E2,0.71
B6Q4R4,0.44
B6QAN3,PARSE_ERROR
B6QIA0,0.4
B6U042,0.7
B7AAC4,0.76
B7DMF9,0.47
B7DUK0,0.61
B7GTS7,0.5
B7IHN8,0.74
B7LBY3,0.49
B7XRJ9,0.73
B7ZVG4,0.52
B8B4K8,0.38
B8BM04,0.75
B8CYU9,0.67
B8D3U0,0.62
B8E0A6,0.53
B8ENW2,0.71
B8FHT4,0.65
B8FSV9,0.5
B8G9F9,0.52
B8J1K1,0.58
B8J8V6,0.47
B8N931,0.59
B8NE63,0.69
B8NLH7,0.3
B8NQR9,0.56
B8P8G4,0.48
B8Y2Q9,0.62
B9BSY2,0.41
B9DPQ7,0.5
B9FXL5,0.69
B9GEE3,0.52
B9RSZ9,0.73
B9S3A3,0.76
B9UFU2,0.82
B9W5C9,0.52
B9WM05,0.52
B9X7R0,0.54
C0A098,0.69
C0CY34,0.5
C0E059,0.62
C0EX47,0.51
C0G9C9,0.52
C0NTZ3,0.26
C0QE86,PARSE_ERROR
C0W4T1,0.52
C0WB07,0.54
C0WCR5,0.79
C0WDQ9,0.47
C0WK61,0.54
C0ZEG0,0.5
C1ADN1,0.73
C1BMH3,0.5
C1BNW6,0.74
C1DUB9,0.56
C1G6I3,0.6
C1LAU0,0.55
C2GJP5,0.51
C2V4D0,0.71
C3DGT0,0.54
C3KH77,0.52
C3MKL8,0.57
C3N0C1,0.79
C3QZV5,0.44
C3X4P0,0.77
C3XGD8,0.58
C4AV77,0.67
C4FFM6,0.69
C4FI69,0.73
C4FIA5,0.69
C4LIB7,0.57
C4M7L0,0.41
C4QW21,0.41
C4R2G5,0.39
C4SF89,0.55
C4TDM3,0.51
C4V8C3,0.51
C4YIG3,0.42
C4Z254,0.53
C5AVN2,0.72
C5B545,0.5
C5EEF3,0.73
C5GPK7,0.58
C5KI78,0.55
C5KRM3,0.55
C5NVU9,0.49
C5S352,0.64
C5UZG7,0.72
C6E719,0.45
C6H4Z6,0.53
C6HD61,0.51
C6LUF7,0.34
C6M6E2,0.63
C6PT24,0.67
C6PZW6,0.71
C6SNB2,0.41
C6Z057,0.57
C6ZAN4,0.51
C6ZBY5,0.45
C7C527,0.43
C7D254,0.47
C7IXH7,0.53
C7S3P3,0.57
C7Z0V6,0.46
C8C9E3,0.8
C8NBE9,0.65
C8NEZ4,0.44
C8WK69,0.44
C8WXE5,0.61
C8XD75,0.5
C8Z843,0.54
C9B5D6,0.51
C9BYN8,0.73
C9L5Y1,0.57
C9LBR6,0.71
C9M7T4,0.54
C9PSC3,0.73
C9R9M9,0.72
C9SPU6,0.52
D0A6C8,0.48
D0DE65,0.49
D0ILK9,0.57
D0MHS9,0.55
D0MKD8,0.55
D0PUM7,0.83
D0YS25,0.54
D0YUP3,0.36
D0YWK7,0.43
D1AV10,0.73
D1B2X0,0.59
D1C427,0.51
D1C4D9,0.72
D1C810,0.57
D1C853,0.56
D1PDR5,0.54
D1VU36,0.64
D1VW06,0.79
D1W404,0.54
D2EPA7,0.39
D2PEI4,0.75
D2QCZ4,0.43
D2SBK5,0.66
D2TZ11,0.61
D2Y9F2,0.57
D3ARV3,0.38
D3CTJ7,0.45
D3CWI1,0.43
D3EI96,0.59
D3EIE4,0.72
D3JU20,0.75
D3NZL2,0.63
D3Q6C4,0.68
D3QZ37,0.62
D3R074,0.52
D4B3V4,0.39
D4DGE4,0.5
D4DJ26,0.49
D4F1E2,0.76
D4LCH4,0.5
D4RGC8,0.56
D4TK13,0.38
D4U0B7,0.66
D4VID4,0.38
D4XAV2,0.5
D4XD26,0.52
D4XIG8,0.49
D4YHX2,0.41
D5A265,0.59
D5ERT4,0.47
D5G462,0.54
D5STR1,0.54
D5U748,0.62
D5WFL1,0.53
D5WQE3,0.58
D6ES44,0.55
D6M5W1,0.7
D6Y251,0.51
D6YU44,0.73
D7AR93,0.73
D7BLS4,0.62
D7C1P6,0.72
D7FYH0,0.74
D7GHL9,0.71
D7K6U4,0.42
D7VBW4,0.77
D7VH22,0.53
D7W176,0.51
D8DUS6,0.71
D8FJI1,0.65
D8FYP3,0.7
D8GKH4,0.54
D8SYR5,0.41
D8SZ56,0.59
D8T506,0.48
D8UH77,0.43
D8WJQ1,0.56
D9SPW2,0.56
D9T6Z5,0.49
D9V3T2,0.76
D9Y3Q1,0.63
D9ZIP0,0.51
E0DEY9,0.45
E0DGW6,0.46
E0DI37,0.59
E0N103,0.52
E0NL09,0.8
E0PRP6,0.5
E0QRM9,0.49
E0S6U6,0.5
E0TLA1,0.57
E0YPD8,0.36
E1EXR2,0.52
E1F001,0.45
E1NPR6,0.62
E1UHH4,0.53
E1WKF1,0.53
E2BXA3,0.62
E2L7W0,0.58
E2LFR7,0.65
E2MXQ8,0.43
E2N962,0.45
E2YF83,0.49
E3BCQ3,0.5
E3GN78,0.73
E3PY46,0.38
E4LFF0,0.37
E4LU43,0.61
E4Q4J0,0.45
E4QAK7,0.71
E4QD73,0.62
E4SMF1,0.53
E4TIE3,0.49
E4V4G3,0.45
E4W271,0.46
E4X5X9,0.57
E4YNP8,0.35
E4ZCL8,0.54
E5ERX4,0.52
E5GCR1,0.64
E5RZP0,0.47
E5V166,0.6
E5V3N2,0.52
E5VZ98,0.54
E5WU11,0.47
E5Y553,0.48
E6JZF8,0.51
E6L9X8,0.72
E6Q651,0.47
E6Q803,0.76
E6QCU4,0.6
E7C159,0.68
E7C4I3,0.58
E7H075,0.54
E7QYW5,0.73
E7RU08,0.59
E8K2X9,0.53
E8N5C9,0.51
E8T2Q0,0.59
E9BME7,0.41
E9EDM8,0.46
E9JBT7,0.51
E9RZH6,0.44
F0BJX9,0.55
F0EMR5,0.43
F0FCN4,0.62
F0HP74,0.46
F0HZP6,0.5
F0JHX6,0.5
F0LGY2,0.41
F0RIE8,0.67
F0U4Q0,0.42
F0UH65,0.62
F1T4V1,0.67
F1TGB0,0.42
F1YTG9,0.54
F2B1A2,0.55
F2HHT8,0.34
F2I9J9,0.5
F2QLI3,0.49
F2QM35,0.69
F2QQ71,0.54
F2QWT1,0.3
F2S0G4,0.54
F2SPC2,0.54
F2UGE4,0.59
F2UYK8,0.54
F2WJY7,0.56
F2ZA08,0.63
F3AHW5,0.6
F3LRJ9,0.54
F3NJK2,0.77
F3QTX3,0.55
F3YWK9,0.49
F3Z137,0.48
F4AST3,0.66
F4AUC1,0.39
F4BTH0,0.48
F4CP98,0.49
F4F1K1,0.61
F4GCG9,0.73
F4GQT1,0.52
F4PCZ3,0.43
F4QMK6,0.47
F4RUK6,0.57
F4TJH5,0.66
F5H8Z7,0.47
F5IUR1,0.53
F5P365,0.76
F6B9A6,0.73
F6DHR3,0.47
F6IHT6,0.57
F6IIF7,0.63
F6Q4Y5,0.46
F6RR19,0.57
F6RWF4,0.65
F6ZUD7,0.47
F7ISD5,0.7
F7JP52,0.58
F7KCI8,0.74
F7PNI3,0.73
F7RV00,0.43
F7SMC9,0.48
F7UI57,0.56
F7Y511,0.58
F8A3K2,0.57
F8AFM3,0.55
F8AJ73,0.66
F8ARG2,0.56
F8AUW8,0.56
F8AWS2,0.63
F8B0Y0,0.62
F8B192,0.57
F8EW54,0.66
F8FI03,0.64
F8H080,0.51
F8IGE3,0.77
F8LAU7,0.59
F8MJ96,0.51
F8NQ98,0.69
F8PK07,0.55
F8Q645,0.51
F8QZ22,0.63
F8WJV9,0.45
F9F4D4,0.54
F9FM44,0.6
F9FPB7,0.31
F9G3C4,0.72
F9GFY1,0.48
F9T3L7,0.54
F9UAL6,0.76
F9VQM5,0.5
F9Y5G8,0.68
F9ZS87,0.56
G0B1C9,0.62
G0EDZ0,0.55
G0FNK3,0.52
G0GEI5,0.76
G0GEW4,0.47
G0HBG1,0.51
G0JTG9,0.63
G0MQK2,0.47
G0NMI8,0.46
G0SUF0,0.59
G0SZ77,0.48
G0VMS9,0.42
G1CJL4,0.66
G1EBY2,0.66
G1RNS4,0.61
G1UU12,0.49
G1UZF5,0.72
G2DG22,PARSE_ERROR
G2KLI4,0.54
G2SDT8,0.64
G3F4J0,0.46
G3FFM4,0.44
G3GPQ4,0.6
G3ISB0,0.61
G3T983,0.6
G3XLK2,0.35
G3XWE2,0.39
G4D3A7,0.67
G4D6L7,0.48
G4L7J8,0.74
G4MKZ0,0.46
G4MY86,0.54
G4N6M1,0.48
G4Q5S2,0.54
G4QKW8,0.72
G4U1R7,0.65
G4U7X7,0.46
G4VJ59,0.54
G4YD98,0.59
G4ZUA3,0.6
G5AB60,0.55
G5CDF0,0.62
G5CRZ7,0.42
G5DWH1,0.57
G5DWM9,0.62
G5F4E4,0.57
G5HFJ3,0.55
G6AG02,0.72
G6C5D7,0.75
G6CFI8,0.73
G7W948,0.53
G7XIU2,0.44
G7YGQ0,0.58
G8ARH9,0.49
G8DTR9,0.56
G8FS09,0.48
G8TSX7,0.75
G8UIK9,0.54
G8UMA0,0.55
G8YP32,0.35
G9KXN0,0.53
G9M5V7,0.74
G9NBY1,0.54
G9PAF8,0.46
G9PZD2,0.57
G9QYA6,0.66
G9RXJ0,0.47
G9WGP7,0.72
G9WVL8,0.66
G9ZHU0,0.56
G9ZWN6,0.6
H0EGU2,0.27
H0EKW7,0.54
H0EUR4,0.5
H0GQH5,0.71
H0HUQ4,0.33
H0K545,0.65
H0UJX5,PARSE_ERROR
H0UK52,0.46
H0W6K7,0.52
H0Y985,0.51
H0Y9M1,0.76
H0YCM7,0.42
H1B6W2,0.42
H1BJ73,0.63
H1BNL3,0.69
H1CAK3,0.47
H1FZQ0,0.74
H1H7G3,0.68
H1KD77,0.5
H1UV86,0.69
H1V9L0,0.58
H1VL67,0.37
H1WNT8,0.64
H1WS29,0.52
H1X962,0.49
H1Z562,0.48
H2CHU1,0.59
H2JAI5,0.56
H2JHP7,0.24
H2L7A7,0.52
H2QJS0,0.68
H3EME1,0.41
H3NFQ3,0.41
H3ZP48,0.46
H5SB38,0.46
H5SF90,0.51
H5SFB7,0.68
H5SJC8,0.56
H5SS19,0.76
H6LE68,0.59
H6QVE7,0.53
H6TV57,0.6
H6U1R4,0.64
H6WNP9,0.76
H6YQ80,0.57
H7BY79,0.36
H7C3S1,0.43
H8K2I7,0.75
H8WBL6,0.43
H8Y7K7,0.51
H8ZDL8,0.55
H8ZEB5,0.45
H8ZWE9,0.62
H9C0G1,0.51
H9UEE0,0.61
I1LM83,0.59
I1PYH4,0.55
I1QP65,0.46
I1R9H8,0.35
I1Y9G7,0.51
I2GFR9,0.73
I3BV65,0.43
I3EJR4,0.55
I3EL95,0.36
I3EQD3,0.56
I3QGQ4,0.73
I3TJ15,0.59
I3TW35,0.51
I3VXZ8,0.39
I3WKA7,0.64
I3XZC0,0.47
I4DA01,0.74
I4MD31,0.68
I4T4U2,0.71
I5AZK0,0.71
I6CUS8,0.73
I6YLW5,0.58
I7CCN5,0.66
I7HJC6,0.42
I7IBY4,0.75
I7IC96,0.58
I7J1P2,0.52
I7JMQ1,0.66
I8A0F9,0.59
I8IH09,0.42
I8QNJ9,0.47
I8QWZ9,0.64
I8UP02,0.74
I8X7R0,0.76
I8XX48,0.57
I8ZTA9,0.56
I9F4C7,0.54
I9KPH0,0.61
I9R4Z3,0.77
I9SXI0,0.34
I9V8N5,0.54
J0VZM8,0.38
J0XBP8,0.28
J0ZYZ7,0.74
J1FH19,0.47
J2R276,0.78
J2RDL3,0.5
J2UHU9,0.59
J2XTQ0,0.44
J3CSR7,0.62
J3IXB5,0.54
J3K2E6,0.36
J3K333,0.46
J3MVZ6,0.51
J3P9G2,0.53
J4A295,0.5
J4CD98,0.76
J4CDM0,0.44
J4UG53,0.55
J4ULT9,0.55
J5WMZ7,0.4
J8H866,0.37
J8W4Q2,0.63
J8ZX95,0.76
J9JPB6,0.41
J9ULW6,0.69
J9VRI7,0.59
J9Z889,0.65
K0DPK5,0.57
K0NS43,0.74
K0Q4E1,0.68
K0UWX9,0.56
K0X2L7,0.57
K0YZP2,0.67
K1ER46,0.71
K1JV12,0.57
K1W4Z5,0.46
K1X681,0.63
K2AMH6,0.47
K2BFR2,0.64
K2C7B1,0.73
K2CIT1,0.58
K2D364,0.74
K2ERP9,0.68
K2H6I8,0.65
K2H856,0.39
K2HPF8,0.44
K2HUC4,0.37
K2PAT5,0.74
K2Q7S3,0.56
K3VXI7,0.46
K3WPC9,0.38
K4HPM4,0.71
K4LIP5,0.5
K4MDA4,0.61
K5ZIG8,0.76
K6A041,0.56
K6A1U1,0.61
K6ADD3,0.54
K6AYD4,0.51
K6GL07,0.6
K6H9N8,0.5
K6PG45,0.51
K6VCE3,0.58
K7J1S6,0.53
K7S0D9,0.53
K7S0R8,0.52
K8DZP1,0.58
K8NKD2,0.46
K9AQM8,0.54
K9E541,0.59
K9ECR4,0.44
K9FFR1,0.67
K9GJ04,0.47
K9U1D8,0.83
K9XJN5,0.5
L0ALY6,0.56
L0DC58,0.53
L0DRJ0,0.76
L0HEH2,0.53
L0IDM5,0.47
L0K3S7,0.58
L0PGS0,0.56
L0WFG1,0.52
L1PQR9,0.59
L1PVX9,0.59
L1Q954,0.31
L1QC02,0.56
L2EEN7,0.48
L5KG37,0.74
L5KRP8,0.56
L5L908,0.48
L7HRB7,0.5
L7I8H4,0.38
L7I9E6,0.58
L7L6M8,0.73
L7M4I0,0.47
L7P8R2,0.72
L7QX16,0.62
L7VNW3,0.58
L7VPB8,0.45
L7VRP9,0.54
L7VRY8,0.73
L8XXE3,0.38
L9JEC7,0.26
L9KPF3,0.48
L9LAB4,0.7
L9PBK9,0.44
L9VJF4,0.54
L9WGQ9,0.68
M0A4Z9,0.55
M0G6Z0,0.67
M0MX33,0.74
M0NS47,0.59
M0W3R9,0.63
M0Y018,0.58
M0ZJ04,0.54
M1E5W9,0.66
M1E714,0.72
M1I7I8,0.57
M1J2Z1,0.75
M1QSL1,0.63
M1RC27,0.72
M2B583,0.72
M2CM18,0.6
M2Q4J0,0.3
M2Q5P1,0.71
M2QCB1,0.73
M2QCK4,0.54
M2RLZ2,0.58
M2RXG2,0.4
M2SA08,0.74
M2VLY4,0.6
M2X8V4,0.47
M2YEQ4,0.51
M3H2D2,0.58
M3HPT4,0.71
M3S659,0.48
M3U2B5,0.53
M3UNY8,0.52
M4E012,0.55
M4PRH3,0.43
M4SAN2,0.56
M4SS78,0.49
M4VZ44,0.64
M4ZKD9,0.71
M4ZZ15,0.51
M5A6N4,0.42
M5C2B2,0.57
M5FTE6,0.52
M5G4U7,0.52
M5IQY2,0.72
M5MQZ1,0.64
M5P688,0.54
M5TZW2,0.65
M5XMC3,0.36
M6CGX4,0.54
M6DMG1,0.65
M7U959,0.47
M7UJA0,0.49
M7VXV4,0.44
M7WD24,0.41
M7WDD6,0.44
M7WX30,0.57
M7WZ47,0.3
M7YXX2,0.57
M9MHZ4,0.59
M9NAC5,0.63
M9SC90,0.54
M9U7X1,0.47
M9WB23,0.8
N0B319,0.43
N0B8J2,0.77
N0E686,0.47
N1JTR9,0.54
N1RB71,0.44
N2AG89,0.56
N4WRB4,PARSE_ERROR
N4WW24,0.69
N6Y554,0.75
N6YC05,PARSE_ERROR
N8THB7,0.53
N8TY27,0.43
N8W4G5,0.76
N8XDG1,0.54
N9E8S4,0.49
N9FAK2,0.44
N9G0A3,0.72
N9GXQ2,0.62
N9M7L3,0.63
N9N343,0.58
N9PDS6,0.77
N9UZK2,0.59
N9V459,0.5
N9VEU0,0.67
N9WG36,0.58
N9Z5Z3,0.51
O28996,0.64
O52928,0.68
P19296,0.61
P53102,0.55
Q01VT2,0.65
Q04107,0.36
Q0BPZ7,0.56
Q0C2Y4,0.59
Q0C4S3,0.57
Q0TWN4,0.64
Q13D47,0.42
Q1ASN5,0.73
Q1DDX8,0.45
Q1GG13,0.55
Q1I8M5,0.65
Q24R26,0.66
Q281X3,0.59
Q2JV31,0.65
Q2KWD4,0.71
Q2LSI0,0.47
Q2S5E1,0.47
Q2W829,0.29
Q3B327,0.77
Q3F084,0.74
Q3IW21,0.6
Q3SDK7,0.46
Q469B7,0.51
Q46H45,0.62
Q47DX2,0.79
Q47J66,0.41
Q4C582,0.49
Q4D1U2,0.5
Q4D633,0.43
Q4K148,0.54
Q4PSE9,0.58
Q4QAW3,0.47
Q4QZZ9,0.67
Q4WZB7,0.45
Q504I4,0.58
Q53UW2,0.62
Q550E8,0.52
Q554B6,0.77
Q5ARM7,0.62
Q5B2J4,0.47
Q5CVQ4,0.46
Q5ETL2,0.67
Q5J237,0.52
Q5KRF6,0.46
Q5L7S1,0.61
Q5LAD8,0.58
Q5TBG5,0.62
Q5YX93,0.51
Q5ZRD6,0.57
Q649F3,0.58
Q6CA69,0.45
Q6CAI8,0.47
Q6E2W4,0.6
Q6GZ02,0.6
Q6NF29,0.5
Q6P0S6,0.46
Q6SG62,0.76
Q6T6V2,0.53
Q6VFQ3,0.73
Q6ZZW8,0.73
Q726I0,0.74
Q72FB4,0.62
Q744G5,0.74
Q75B44,0.52
Q75DW7,0.59
Q76180,0.79
Q7MPL8,0.49
Q7NAN2,0.78
Q7P1L5,0.55
Q7YY42,0.58
Q82ZT4,0.55
Q84BZ6,0.3
Q86L50,0.51
Q87NV3,0.59
Q89D04,0.54
Q89MC1,0.4
Q8AR77,0.8
Q8DHQ5,0.39
Q8G600,0.74
Q8KGI5,0.47
Q8KKP7,0.71
Q8N164,0.78
Q8QDJ1,0.59
Q8SVW5,0.26
Q8XIS0,0.43
Q93HC9,0.63
Q9AHW8,0.68
Q9F183,0.52
Q9J2J7,0.33
Q9JC63,0.81
Q9JI58,0.54
Q9U6Y2,0.74
Q9Y910,0.53
R0BC36,0.59
R0BS86,0.64
R0HLW0,0.49
R0K7X1,0.33
R1CVT0,0.63
R1DFC3,0.51
R1DSF2,0.56
R1DUK2,0.5
R2P0T0,0.64
R2RYN1,0.71
R4FA56,0.54
R4JS63,0.51
R4M2L9,0.66
R4M5C7,0.52
R4UM18,0.75
R5B4C3,0.54
R5DJQ4,0.5
R5ED11,0.56
R5ETA0,0.53
R5G2L6,0.52
R5GY11,0.56
R5I517,0.39
R5IBW0,0.54
R5K5S9,0.49
R5KSC6,0.6
R5NGP1,0.28
R5NY68,0.6
R5P7Q3,0.54
R5PQT0,0.55
R5QA47,0.65
R5QLJ9,0.59
R5QT14,0.51
R5RFL4,0.62
R5SL25,0.74
R5SZ11,0.76
R5TXD3,0.47
R5V356,0.51
R5W741,0.55
R5X5V8,0.53
R5XFU8,0.56
R5XQU4,0.64
R5Y045,0.71
R6FF07,0.52
R6FNH8,0.54
R6GI47,0.68
R6K6S1,0.52
R6KGM6,0.78
R6LFI8,0.55
R6M7Y7,0.57
R6MV68,0.57
R6NQG1,0.43
R6RY83,0.59
R6SDD4,0.55
R6SQ92,0.67
R6VSX6,0.46
R6X4D9,0.58
R6Y9C3,0.5
R6ZE50,0.67
R7ADF7,0.65
R7DPI9,0.8
R7FS47,0.54
R7I5N6,0.4
R7I9G3,0.63
R7JC12,0.38
R7JXN7,0.56
R7MFH4,0.59
R7NAX6,0.33
R7NQY9,0.54
R7PSY3,0.53
R7PZ53,0.55
R7W257,0.37
R8AU56,0.78
R8BUF1,0.65
R8L490,0.68
R8MRB0,0.42
R8S9A4,0.47
R9M475,0.72
R9MTK1,0.53
R9RAC8,0.59
R9RCW4,0.65
R9RG85,0.55
R9VEN8,0.59
S0A0N4,0.46
S0FPT3,0.71
S0GN97,0.52
S1RRN9,0.51
S2JC58,0.49
S2KW67,0.44
S2Y1M2,0.42
S2YN34,0.5
S3CD32,0.6
S3CNH5,0.73
S3G1D4,0.61
S3K1M5,0.41
S3L785,0.69
S3UKZ4,0.38
S4F535,0.53
S4FMR7,0.53
S4MF83,0.56
S4XG06,0.57
S4XTD5,0.63
S4YQL6,0.7
S5DPW8,0.44
S5DRR7,0.77
S5ZXA0,0.54
S6EC53,0.28
S6EFK3,0.61
S6EGB5,0.46
S6WAC2,0.69
S7MF70,0.55
S7XFE8,0.53
S8AMC3,0.52
S8DL83,0.54
S8ESF3,0.58
S8FGJ1,0.6
S8FGS5,0.76
S9PU98,0.56
S9T808,0.68
S9TY09,0.65
S9VBS9,0.41
S9YRR6,0.56
T0HWF9,0.42
T0J379,0.58
T0JE92,0.7
T0K994,0.47
T0MDT6,0.62
T0MYK1,0.58
T0QPQ6,0.37
T0Y8U0,0.74
T0ZZR3,0.78
T1BCC4,0.6
T1DQ82,0.43
T1KPJ0,0.47
T1NRJ9,0.55
T1PF81,0.51
T2ILP6,0.64
T2IVX2,0.58
T2IZW2,0.64
T2JBF8,0.48
T2K0I5,0.51
T2NB09,0.77
T4VMF7,0.51
T5CHD9,0.71
T5DKP2,0.44
T5HS39,0.71
U1GP57,0.5
U1KPF8,0.68
U1LV60,0.54
U1P980,0.59
U1PXT1,0.49
U1R762,0.51
U1SIJ5,0.5
U1WPJ0,0.58
U1Y2B8,0.52
U2EL67,0.41
U2ENP6,0.76
U2GP87,0.49
U2J222,0.69
U2MLS1,0.33
U2RJD2,0.48
U2RKE0,0.52
U2SPB7,0.57
U2U736,0.66
U2Z8G2,0.5
U4DXH8,0.77
U4QR22,0.43
U4QUU4,0.47
U5E9K2,0.33
U5F604,0.69
U5F659,0.69
U5F6Q4,0.56
U5F7E8,0.59
U5LSP8,0.73
U5P6R6,0.67
U5RZU0,0.45
U5W5G0,0.42
U5WEQ2,0.52
U6EEX0,0.76
U6J8Y9,0.39
U6KNV7,0.46
U6M7G2,0.52
U7FWG1,0.7
U7GM49,0.51
U7IM49,0.52
U7JMZ8,0.54
U7JSQ7,0.5
U7K7N2,0.43
U7MLS5,0.65
U7Q8S2,0.32
U7TXN2,0.42
U9SNX5,0.43
U9TJ05,0.43
U9TNS3,0.41
U9UUC8,0.42
V2T2X2,0.45
V2UGT2,0.64
V2X198,0.6
V3ZV21,0.59
V4JQ71,0.57
V4LRN4,0.76
V4QGP2,0.47
V4RKA7,0.62
V4TDT8,0.48
V5H7Y5,0.51
V5IGG7,0.55
V5L2W2,0.48
V5LMD2,0.45
V5WCW4,0.54
V6TBN9,0.55
V6TM49,0.59
V6TZU3,0.35
V6U0D5,0.59
V6U176,0.51
V6U3C9,0.47
V6Z0F9,0.61
V7GVU0,0.45
V7I2T7,0.72
V7I9W3,0.63
V7PIE4,0.42
V7PWN7,0.57
V8CWF5,0.51
V9D0U2,0.49
V9DZZ9,0.45
V9QIX7,0.44
W0E030,0.55
W0FI40,0.61
W0IWB4,0.55
W0J3R9,0.45
W0JKC5,0.44
W0JLM6,0.54
W0LL52,0.77
W0U5J2,0.45
W0U8J1,0.55
W1DJK2,0.82
W1DL60,0.74
W1DWS3,0.51
W1DYW8,0.57
W1EAT1,0.6
W1GJW4,0.76
W1KTA5,0.64
W1QAT4,0.49
W1UFR6,0.79
W1UUY9,0.73
W2QPR7,0.55
W2QWB4,0.41
W2XHX5,0.47
W2Y2U5,0.61
W2ZK55,0.27
W3VNG0,0.44
W3XEJ0,0.7
W3Y341,0.75
W4B8E2,0.7
W4BYK6,0.4
W4CNJ1,0.52
W4EJF7,0.59
W4F6L3,0.68
W4LRP1,0.68
W4LT99,0.48
W4LVG3,0.57
W4UVD3,0.56
W5NQV4,0.29
W5NXD4,0.61
W6F0D2,0.52
W6LRB6,0.7
W6U672,0.47
W6YLV9,0.53
W7DQY9,0.58
W7DXD6,0.75
W7EX57,0.48
W7PVS7,0.8
W7VXU0,0.7
W7WSJ7,0.5
W7Z7M5,0.41
W8EIW0,0.71
W8F6M2,0.59
W8L444,0.55
W8VEH5,0.66
W9ATK3,0.59
W9CUD2,0.64
W9D523,0.76
W9E8Z3,0.55
W9IN88,0.6
W9J9R2,0.31
W9K586,0.51
W9NDQ7,0.36
W9NEC2,0.44
W9NI00,0.36
W9NRQ5,0.46
W9R9M3,0.53
W9VRV7,0.55
W9WVQ8,0.48
X0AM31,0.62
X0D2P5,0.48
X0LY45,0.65
X0R229,0.47
X0UJS2,0.48
X0VRF0,0.67
X0VSH7,0.64
X0WFY9,0.76
X0WS29,0.52
X0WSS5,0.57
X0XYY4,0.48
X0YCL8,0.63
X0YZQ5,0.46
X1HI22,0.58
X1HU37,0.49
X1I310,0.53
X1KYQ6,0.48
X1L678,0.65
X2LJ05,0.74
X5KRQ5,0.42
X5V3J7,0.64
X5XBU1,0.4
X6HVV1,0.69
X6LH88,0.64
X6LM18,0.48
X6M7R0,0.71
X6MDB1,0.59
X6R4D2,0.47
X7ZHX4,0.57
X7ZSA7,0.76
X8CCD5,0.78
X8DTN4,0.58
X8HRM7,0.61
X8JJD3,0.49
Y0KI99,0.56
Z4X668,0.76
